Input1,Input2,Input3,Input4,Input5,Input6,Input7,Input8,Input9,Input10,Input11,Input12,Input13,Input14,Input15,Input16,Target
acetone,PDMS,LiClO4,12825.6,75.7,546.3,50.6,78.8,1408.9,463.1,43.6,120.3,97.8,0.8,450,0,246.0866356
ACN,PUR,LiI,5161.7,1365.1,397.2,39.7,152.4,423.3,751.8,56.1,944.7,90.4,0.8,138.8889,1,779.4981464
DMSO,PS,LiClO6,13297,221.2,528.9,37.1,209.4,2737.2,829.7,58.1,2304.2,103.1,0.9,177.7778,0,5145.489427
propanol,PP,LiClO4,18131.2,1550.2,875.9,34.8,976.5,316.6,519.5,46,158.6,180.1,0.4,100,1,6.773916286
ACN,PMMA,LiClO6,19764.5,201.7,371.8,40.5,614,2499.8,989.7,53.9,815.9,116.1,0.9,100,0,601.2901649
ACN,PDMS,LiTFSI,10551.3,1587.2,99.8,59.5,299.9,2118.5,384.5,50.6,1767.2,36.3,0.4,100,0,1026.930236
propanol,Nylon,LiCF3SO3,15119.8,1601.7,192.1,35.1,377.7,2673.7,888.4,50.8,1782.4,126.6,0.1,333.3333,1,3189.808314
DMSO,PEO,LiClO4,14915.9,608.9,366.9,25.5,394.2,1884.5,338.5,49,1760.7,132.6,0,177.7778,0,3138.761584
chloroform,Nylon,LiBF4,18305.7,672,721.5,58.8,645.8,2210.7,788.3,51.2,494.9,189.4,0.9,450,1,212.0731977
propanol,PDMS,LiTFSI,5914.8,1148,815.7,42.3,79,2897.3,947,58.5,80.1,66.5,0.5,411.1111,1,2015.018014
DMF,PP,LiTFSI,14474.9,178.8,354.2,42.8,331.4,2094,577.4,57,991.8,117.3,0.8,372.2222,1,3099.383569
THF,PVC,LiClO6,18116.6,763.4,6.5,46.6,536.7,2652.1,775.7,51.4,83.7,182.3,0.3,333.3333,0,11.49859626
DMF,PMMA,LiI,17006,1941.1,122.5,51.6,738,2248.7,765.2,42.2,892.4,127,0.8,450,1,357.2428965
acetone,PMMA,LiI,17903.7,1118.4,646.6,51.7,726.2,112,950.7,46.6,76,198.1,0.3,333.3333,1,6.11919544
DMSO,PEO,LiCF3SO3,15942.3,1693.7,853.1,37.7,43.5,1362.2,446.4,42.9,1804.2,50.1,0.7,216.6667,0,1689.936446
chloroform,PEO,LiI,14542.3,1940,571.2,52.4,925.5,1301.8,477.8,45.2,1525.5,72.6,0.7,411.1111,1,1184.214166
propanol,PEO,LiClO6,14473.9,1868.3,730,32.9,78.3,2224.3,364.6,56.7,1952.5,33.5,0.9,372.2222,0,4998.642654
DMF,PMMA,LiBF4,5120.8,435,592.8,31.2,586.5,1154.2,779.2,42,1243.1,57.9,0.3,138.8889,1,1373.399969
ACN,PUR,LiClO4,5922.9,823.1,92.2,44.8,976.7,1311,432.2,42.6,1462.6,199.9,0,255.5556,0,93.66936497
DMF,Nylon,LiTFSI,2172,469.2,514.8,32.3,111.6,1701.4,627.4,46.1,1448.8,170.6,0.7,372.2222,1,4433.920178
DMSO,PVC,LiI,4784.2,623,108.8,59,962.5,1162,994.8,49.6,554.5,157.1,0.1,255.5556,1,32.70872843
ACN,Nylon,LiClO6,15940.3,1648.7,803.1,30.9,19.5,2143.2,819.2,51.5,426.6,124,0.7,333.3333,1,3096.871149
THF,PVC,LiClO4,6633.1,854.8,817.5,58.4,564.1,510.1,466.7,49.6,1810.9,68.8,0.7,294.4444,0,114.2574351
ACN,PVC,LiClO6,3507.6,506.6,410.5,52.4,184.8,1277.2,558.5,57.3,569.9,71.3,0.2,177.7778,1,2248.53094
DMSO,PUR,LiClO4,4476.5,1375.9,620.3,59.3,986.1,198.5,763.1,51,2387.7,61.7,0.4,333.3333,0,250.8326456
propanol,PUR,LiCF3SO3,9444.6,981.8,234.6,39.1,322.1,1743.6,897.3,44.9,382.2,181.9,0.7,216.6667,1,939.4034264
ACN,PP,LiCF3SO3,3955.4,130.1,245.2,51.2,25,376.3,595.4,56.7,1116.8,191.1,0.5,450,1,133.2657089
ACN,PUR,LiCF3SO3,2411.6,1976.9,133.8,46,109.2,631.1,471.8,56.7,1596,132.1,0.5,216.6667,1,1219.527358
DMSO,PMMA,LiClO4,19949.2,361.8,663.4,36.6,182.8,1519.4,960,48.3,415.7,83.4,0.7,100,0,509.5395965
chloroform,PEO,LiClO6,19437,411.6,622,40.7,41.9,1725.7,946.5,46.3,1398.6,110.5,0.7,216.6667,1,1942.216051
DMF,PUR,LiCF3SO3,5331,1012.2,65.2,58.8,547.9,2346.9,449.1,41.9,568.2,110.9,0.1,333.3333,0,1420.901924
chloroform,PDMS,LiI,8691.8,1569.2,704,48.1,704.2,2543,595.1,48.5,776.7,116.6,0.3,138.8889,1,2068.452805
THF,PEO,LiCF3SO3,18448.9,1475.7,206.7,42.2,117.6,2228.9,391,46.6,1167.6,139.1,0.4,411.1111,0,3129.795455
THF,PP,LiI,4977.1,1398.2,171.8,36.5,294.9,760.7,759.3,53.2,2375.4,64.4,0.6,255.5556,1,109.4581229
propanol,PS,LiTFSI,12505.4,941.6,240,41,768.9,1749.1,832.1,46.5,1734.9,152,0.2,100,0,609.5672534
ACN,PMMA,LiBF4,14633.9,1897.7,540.4,30.1,781,2794.8,432,58.9,152.2,142.9,0.7,216.6667,0,25.9734098
chloroform,PUR,LiClO6,5452.1,843.5,519.2,33.6,361.8,474.1,444,55.9,1547.5,146.4,0.6,255.5556,1,59.97514377
chloroform,PDMS,LiClO6,8792.3,97.5,87.1,47.1,819.9,1604.3,499.4,41,2017.8,162,0.4,138.8889,0,1760.321475
acetone,PMMA,LiI,15773.2,93.7,656.8,39.3,875.8,2836.6,424,40.9,1227.5,61,0.6,411.1111,0,2061.174559
THF,PDMS,LiCF3SO3,11787.2,154.5,642.5,36.9,417.5,2973.4,511.3,46.5,1888.1,168.6,0.3,100,1,1249.090539
DMSO,PUR,LiCF3SO3,19362.2,1488.7,828.4,50.5,518.9,1920.3,982.8,57.1,2255.9,191.5,0.1,450,0,541.7615135
chloroform,Nylon,LiClO4,1605.2,1758.7,884.3,59.3,976.5,839.5,395.1,49,599.5,108.3,0.9,294.4444,0,104.6489169
chloroform,PDMS,LiClO6,5104.7,1468.7,453.1,25.4,366.2,2968.3,967.7,53.5,194.1,148.6,0.5,450,0,198.6127204
acetone,PUR,LiTFSI,19677.7,1108.8,468.9,42,903.5,856.9,764.3,45.7,1265.5,43.5,0.4,177.7778,0,890.4261592
acetone,PMMA,LiTFSI,16974.5,262.1,407.5,31.4,790.9,2514,792.7,46.7,1806.2,145.9,0.6,450,0,536.8013255
THF,PS,LiI,6246.3,610.8,203.8,38.4,17.6,918.2,484.3,43.8,1097.1,156.5,0.7,333.3333,1,1347.003673
DMSO,PDMS,LiI,17225,1783.3,806.7,47.5,484,2431.7,811.2,43.1,1380,159.4,0.7,177.7778,0,3837.610976
ACN,Nylon,LiCF3SO3,17678,486.6,240,30.2,95.6,320.1,749.9,50,284.6,158.7,0.7,333.3333,0,318.2005772
acetone,PS,LiClO4,4465.8,537.8,281.7,41.8,260.4,2980.2,718.2,55.2,469.5,42,0.7,255.5556,0,235.0786681
chloroform,PP,LiClO4,11371.1,1779.7,226.8,26.7,215,318.9,373.7,43.8,701.7,66.2,0.2,255.5556,1,37.50923485
chloroform,PP,LiCF3SO3,18746.7,1930.1,622.3,49.7,733.3,2121.2,985.8,44.1,2265,68,0.9,294.4444,0,418.7577464
ACN,PUR,LiTFSI,17662.8,1277.7,793.8,45.7,555.5,2319.2,384.8,54.9,882,84.4,0.8,138.8889,1,2214.721078
DMF,Nylon,LiBF4,19158.7,1125.7,150.1,37.2,219.7,2415.3,818.9,58.8,2097.9,98.7,0.9,100,0,1148.883634
chloroform,PP,LiClO4,2760.6,1941.7,619.4,54.3,715.8,2117.3,737.3,54.7,1425.8,124.2,0.7,177.7778,0,4738.534274
THF,PMMA,LiCF3SO3,3222,1776.2,696.8,52.6,826.9,1457.7,488.9,47.5,1407,143.8,0.8,411.1111,0,1993.104927
THF,PEO,LiClO4,4282.4,426.2,184.7,35.5,564.7,2629.5,441.2,53.6,1449,148.5,0.7,177.7778,0,3966.609361
THF,PS,LiTFSI,13224.9,1214.6,264.1,33.7,792.9,317.5,966.7,52.9,752.7,71.1,0.6,255.5556,1,21.93652879
THF,PEO,LiTFSI,11527.1,1602.3,169.1,39.8,518.8,493.4,709.4,57.9,231.9,102.9,0.5,100,0,35.23564835
ACN,PDMS,LiI,19198.3,1850.9,158,57.5,701.7,2099.1,355,44.9,403,151.1,0.1,138.8889,0,659.2435136
DMF,PP,LiBF4,8230.7,1049.1,506.7,37.2,905.5,1961.9,669,53.4,1231.2,148.9,0.1,255.5556,1,133.0971597
DMSO,PEO,LiCF3SO3,10408.9,293.3,674.1,48.3,79.9,1633.2,422.6,59.6,925.2,58.3,0.5,333.3333,1,2140.048879
chloroform,PEO,LiBF4,3261.8,1543.3,278.9,48.5,462.3,1980.1,872.6,45,993,105.9,0.8,177.7778,0,3764.429442
ACN,PEO,LiBF4,19717.2,1248.2,419,43.3,526.4,158.6,414.5,50.6,912.8,52.8,0.7,333.3333,0,132.1722002
ACN,PUR,LiCF3SO3,8612.8,264.7,749.1,59.6,528.8,814.3,566,48.2,214.7,182,0.6,411.1111,1,115.7624852
THF,PEO,LiCF3SO3,6571.4,1245.7,679.4,26.2,153.6,2678,636.2,50.1,2389.5,85.3,0.3,255.5556,1,373.8811064
DMSO,PMMA,LiBF4,6658.5,750.7,388.1,31.5,794.4,413.1,939.2,57.9,1260.1,138.4,0,177.7778,0,505.523339
DMSO,PDMS,LiBF4,17524.1,304.8,405.4,50.5,35.4,1370.7,516.3,53,204.2,81.3,0.8,138.8889,1,1932.479264
propanol,PMMA,LiClO4,13053.2,451.5,615.1,54,416.1,2888.5,848.2,42.7,1509.6,185,0.7,411.1111,1,3355.761714
acetone,Nylon,LiClO4,2854.6,1836.4,806.5,33.1,263.7,2299.3,538.2,42.2,802.8,141.1,0.7,294.4444,0,744.18597
propanol,PVC,LiClO4,15730,1499,509.2,29.6,322.9,2141.5,496.8,52.9,621.4,74.8,0.1,372.2222,1,2858.863242
acetone,PS,LiCF3SO3,7530.6,130.3,674.8,54.6,426.5,2819.9,660.2,46.4,1119,55.7,0.5,333.3333,0,2771.297517
DMSO,PVC,LiI,14310,1916.2,599.1,47.4,932.2,2200.3,826.7,59,81.4,114,0.2,333.3333,1,5.79440913
DMSO,PVC,LiTFSI,15192.7,1925.3,24,39.4,865.4,2113.8,778,45.6,2203.9,130.5,0.2,294.4444,1,390.6455603
acetone,PEO,LiClO6,6689.6,258.8,4.7,52.9,787.5,986.6,843,57.9,2204,144.1,0.1,372.2222,0,1438.478955
ACN,PEO,LiI,1544,1923.2,345.1,29.1,41,497.4,461.2,45.9,1496.2,135.4,0.6,255.5556,1,143.8915007
ACN,PEO,LiI,3329.5,1038,104.9,52.3,359.5,1638.6,585.8,54,2081.7,69.3,0.6,216.6667,1,2041.013789
propanol,PEO,LiClO4,14224.2,1006.3,560.9,45.2,996,1265.1,494.6,58.3,1733.3,42.3,0.6,450,0,253.7556081
THF,PDMS,LiI,17099.8,52.4,327.2,42.4,329.8,2017.1,431.2,42.1,2293.5,91.2,0.5,177.7778,0,3494.81318
chloroform,Nylon,LiTFSI,13994.3,470.6,304.8,59.4,335.4,436.3,566.5,41.5,1981.2,183.3,0.3,372.2222,0,778.8491711
ACN,PDMS,LiClO4,3994.5,426.2,362.9,30.9,910.7,2284,413.5,59.5,190.9,80.9,0.5,216.6667,0,30.37217441
DMSO,PDMS,LiCF3SO3,15188.6,755.5,720.5,50.8,834.8,1805.4,751.1,46.9,25.4,157.7,0.7,216.6667,1,8.34318078
ACN,PVC,LiI,17181.7,221.6,522.3,56.1,925.8,193.2,752.6,53.5,552.5,64.4,0,333.3333,0,54.4165685
DMSO,PDMS,LiBF4,15458.2,1687.1,425.3,58.7,904.6,2791.6,369.4,58.3,314.1,55.3,0.2,177.7778,0,352.3387726
acetone,PP,LiI,12514.7,797.7,210.2,50.9,278.7,1407.4,458.9,51.9,1439.5,132,0.4,372.2222,0,2501.336847
acetone,PUR,LiBF4,4423.8,62.5,692,36.2,71.4,2095.2,983.4,42.6,618.3,71.3,0.2,372.2222,0,4254.97407
acetone,PEO,LiBF4,19776.2,1841.2,645.8,35.5,645.2,1665.4,433.1,54.1,1331.9,40.6,0.8,450,0,368.3439458
ACN,Nylon,LiCF3SO3,16931.1,1587.5,108.6,57.5,758.6,1466.9,820.8,49.7,1384.6,196.8,0.5,294.4444,1,230.1889154
ACN,PUR,LiTFSI,7701.7,827.5,894.8,37,345.9,1440.5,521.6,50,857.9,115.5,0.6,411.1111,1,1652.066488
chloroform,PS,LiI,6249.2,1029.6,776.1,27.9,725.1,2703.5,510.1,50.4,305,177.9,0.6,177.7778,1,629.510081
acetone,PP,LiBF4,10007.1,1610.3,122.3,51.3,877.4,2613.5,783.8,52.6,350.4,44.1,0.2,177.7778,1,496.3081719
DMSO,PUR,LiBF4,14823.7,1582.3,888.1,51.3,750.6,1824.3,364.9,54.3,1578,143.5,0.4,333.3333,1,1732.908718
ACN,PDMS,LiBF4,16988,165.4,166.8,56.2,429.9,2104.3,846.6,57.3,497.4,125.1,0.6,294.4444,1,223.1025306
acetone,PUR,LiClO6,19323.2,680.5,810.6,34.9,603.6,2273.2,987.7,47.8,2212.6,103.3,0.3,216.6667,0,2045.099265
DMF,PP,LiBF4,6738.1,58.4,181.3,58.3,506.3,2928.1,325.3,55.8,1514,46.3,0.5,177.7778,0,4240.55755
DMSO,PS,LiClO4,10259.7,1189.9,184.4,48.3,80.1,234.2,633.2,55.4,968.2,129.7,0.9,411.1111,0,352.1102893
acetone,PUR,LiClO6,17604.4,428.8,852.5,26.7,645.2,2743.3,365.8,48.2,1426.6,128.4,1,177.7778,1,3647.322019
DMSO,PS,LiClO4,5147,295.2,247.8,35,760.9,1163.6,390.3,52.7,2399.6,163.4,0.7,294.4444,0,227.0305002
THF,PS,LiBF4,12538.8,309.1,678.6,56.8,639.4,1139.9,668.1,42,786.5,125.7,0.3,100,0,271.3800772
acetone,PVC,LiClO6,3782.7,472.2,525,53.9,627.7,1783.7,598.6,43.9,2129.3,146.3,0,255.5556,0,193.838101
propanol,PVC,LiTFSI,12232.1,952.3,569.2,27.1,567.5,892.8,795.1,53.3,2234.1,57.5,0.1,255.5556,0,93.62170753
DMF,PS,LiI,16313.6,1708.3,619.2,39.2,931.6,1941.9,854,53.9,2147.1,199,0.7,138.8889,1,2311.461773
propanol,Nylon,LiI,8602.9,570.1,229.2,41.2,504.1,2347.4,455.8,56.5,1301.5,159.9,0.9,255.5556,1,206.8292145
acetone,PDMS,LiTFSI,11695,1879.6,225,48.3,696.1,539.3,608.8,52.1,588.1,34.1,0.8,177.7778,0,385.946309
propanol,PDMS,LiTFSI,7474.8,1445.2,130.7,40.1,421.9,2542.3,787.6,57.7,711.8,99.6,0.4,333.3333,1,2244.789613
chloroform,PVC,LiClO6,1721,749.1,748.1,41.8,249.6,492.3,853.8,40.2,460.1,37,0.1,138.8889,1,828.2950827
DMSO,PP,LiI,13927.1,1477.8,781.9,33.3,809.1,2236.2,454.3,49,778.4,170.6,0.4,177.7778,0,1790.923534
propanol,Nylon,LiBF4,19205.1,170.7,233.3,36.7,871.1,2563.1,524,50.6,528.9,135.5,0.6,138.8889,1,817.9752405
chloroform,PVC,LiTFSI,6033.3,1691.3,593.1,36.2,359.2,1473.6,700.2,45.6,15.1,34.4,0.6,294.4444,0,5.245546911
THF,PP,LiTFSI,3046.6,1357.9,899.8,36.7,736.9,2060.9,776,40.5,220.6,170.3,0.2,333.3333,1,168.3871204
DMF,PVC,LiCF3SO3,10502.7,442.9,694,36.7,594.7,2318.7,561.7,41.2,1533.2,174.5,0.1,294.4444,0,416.4594673
DMF,PUR,LiTFSI,1682.1,1873.4,854.3,29.2,304,1011.3,351.2,49.9,1678,88.6,0.3,255.5556,1,251.3303862
acetone,PP,LiBF4,7030.5,772.7,258.8,52.7,942.7,877.7,985.8,40.7,1947.5,155.6,0.5,138.8889,1,1001.420382
DMSO,PMMA,LiClO6,8044.6,1293.9,356.5,59.5,887.6,2929.3,644.7,41.5,518.5,162.1,0.5,100,0,317.0164919
chloroform,Nylon,LiCF3SO3,17414.9,1407.2,702.8,41,62.5,1246.7,897.5,44.5,41.5,85.3,0.3,177.7778,0,609.086916
propanol,PUR,LiCF3SO3,14449,1829.5,431.2,26.5,382,331,538,52,1181,196.8,0.7,138.8889,1,451.6675973
acetone,PS,LiCF3SO3,5057.5,1931.8,206.4,47.8,632,296.5,502.4,50,1619.3,113,0.2,411.1111,1,409.8585748
ACN,PDMS,LiClO4,19232,658.5,497.9,57.8,774.5,2648.7,618.8,48.2,2102.2,33.1,0.8,255.5556,1,230.4206848
acetone,PUR,LiTFSI,8492.9,184.5,831.2,37,775,1279.5,609.1,55.8,873.8,96.5,1,411.1111,1,834.3687625
acetone,PS,LiClO6,19071.1,1366.6,211.2,25.4,708.2,1803.9,965.5,49.1,1717.4,31.6,0.2,294.4444,0,313.063345
propanol,Nylon,LiBF4,19871.2,1677.5,568.6,27.7,147.6,483.4,905.1,40.8,1953.5,65.4,0.7,100,0,250.0105065
ACN,PDMS,LiCF3SO3,13390.9,1786,431.7,25.7,591.4,2862.1,979.2,52.2,690.8,181.2,0.9,255.5556,1,171.8121793
ACN,PP,LiCF3SO3,3842.5,783.4,431,60,361.2,2031.7,740.4,54.8,1812.4,94.7,0.6,255.5556,1,255.7073314
chloroform,PDMS,LiI,18606,805.8,598,38.3,929.7,2450.2,398.6,50.5,2273.9,120.3,0.6,177.7778,0,3418.956163
propanol,PMMA,LiTFSI,7800.3,1731.1,724.1,33.7,736,717.8,358.8,51.3,2306.5,38.9,0.6,255.5556,0,82.64145161
DMF,PVC,LiBF4,11409.8,1020.4,41.7,51.4,486.3,2232.4,340.5,58.3,1872.6,128.1,1,255.5556,1,223.8719242
propanol,PDMS,LiClO4,12520.4,1310,123.9,51.9,214.8,2245.7,673.7,58.8,1296.7,43.1,0.5,216.6667,1,2342.364553
DMF,PS,LiCF3SO3,7731.7,521.9,465.6,32.5,962.8,777.6,957.3,48.7,2290.6,33,0.1,450,0,185.2046008
propanol,PS,LiCF3SO3,11087.1,1240.3,746.7,27.7,894.9,1933.6,927.6,51.5,556.7,54.3,0.4,216.6667,1,505.2911852
DMSO,PEO,LiClO6,15436.6,1394.6,505.4,47.4,712.6,2856.1,794,44.7,887.8,118,0.6,411.1111,0,2039.91793
acetone,PP,LiClO4,3024.7,1556.1,721.2,47.5,774.8,109,732.5,58.3,1656.8,164.6,0.9,411.1111,0,170.9916937
ACN,PVC,LiI,19686.1,1713.2,781.7,36.3,791.4,2688.8,473,40.5,420.9,93,0,138.8889,0,744.8676524
chloroform,PEO,LiBF4,1897,365.6,297.7,52.3,884.8,1840.2,412.8,52.8,946.2,35.3,0.7,294.4444,1,234.7859532
THF,PS,LiBF4,10720.8,1317,221.2,44.9,895.9,130.6,991.1,53.9,784.9,88.4,0.3,255.5556,0,10.51053151
THF,PP,LiClO4,16414.2,673.7,161.5,58.1,430.9,2872.5,374.2,47.5,856.2,30.3,0.9,216.6667,1,2016.584286
acetone,PDMS,LiTFSI,4072.8,1615.7,705.1,52.3,623.6,395.2,830.8,56.7,491.4,39.2,0.5,450,1,62.17403697
ACN,PP,LiTFSI,14818.5,429.4,777.4,27.6,931.2,996.4,945.1,40,1290.3,49.8,0.1,177.7778,1,1022.52883
THF,PMMA,LiTFSI,17202.4,1548.4,223.3,31.9,522.4,1594.3,710.9,59.6,2011.5,109.9,0.9,411.1111,1,1935.820348
acetone,Nylon,LiClO6,8599,880.6,156.5,41.6,547.6,1792.6,624,43.1,125.4,177.2,0.2,255.5556,0,8.081639937
chloroform,PDMS,LiClO4,17783.3,375.1,483.6,53.8,303.5,1148.3,709.3,48.3,414.5,177.9,0.6,372.2222,1,1158.336466
ACN,PUR,LiClO6,17649.1,1849.5,558,42.6,115.6,781.7,306.2,53,859.6,174.3,1,216.6667,1,859.4175961
DMSO,PDMS,LiCF3SO3,7187.1,1284.8,175,51.5,33.4,1144.9,931.4,56.9,2280.7,197.2,0.3,177.7778,1,2659.064026
chloroform,PUR,LiClO4,12875.2,508.8,299.3,35.1,397,2670.6,552.9,50.3,324.6,163.2,0.1,100,1,415.7883358
THF,PVC,LiTFSI,17708.2,485.6,390.7,56.6,935.1,820.4,520.4,58.8,1939.6,59.6,0.8,138.8889,1,861.6941901
acetone,PVC,LiBF4,16509.7,1315.7,214.4,48.5,785.3,2009.9,338,46,1915.5,86.6,0.6,450,1,467.3785949
acetone,PUR,LiClO6,19078.9,590.4,608.6,47,342.7,1017.4,392.7,50.5,1429,40.8,0.9,411.1111,0,1209.27893
chloroform,PUR,LiTFSI,8511.3,469.1,282.4,28.3,518.9,1143.7,978,40.6,662.4,60.6,0.3,411.1111,0,809.7696192
THF,PUR,LiClO4,1059.8,1607.2,238.3,42.4,158.4,1561.5,716.7,54.1,2273.9,101.9,0.6,100,1,1949.911717
THF,PDMS,LiClO6,1624,988.8,253,32.3,977.4,2684.8,965.7,50.3,494.6,94.5,0.6,255.5556,1,84.43240243
DMF,PMMA,LiClO4,9067.9,731.5,11.6,54.9,601,2817.8,924.7,47.2,949.5,89.8,0.5,216.6667,0,1790.000868
DMSO,PEO,LiCF3SO3,17088.4,1971.2,582.2,54.1,645.8,2916.5,897.1,49.1,1373.2,38.4,0.9,372.2222,1,4170.705659
THF,PP,LiClO6,17666.8,1215.3,311.8,43.6,308.4,770.5,848.8,40.3,15.4,174.9,0.1,372.2222,0,5.087375472
chloroform,PMMA,LiTFSI,17738.4,613.9,357,39.2,833.6,406.4,925.4,59,1380,101.9,0.1,100,1,120.799426
DMSO,PS,LiClO4,13306.8,89.4,680.4,48.3,70.2,2179,639.6,59.1,1179.3,153,1,100,0,1067.265227
acetone,PUR,LiClO4,2524.8,827,597.1,41.4,978.3,2785.4,356.1,57,2040.3,154.4,0.9,372.2222,0,5231.945671
DMSO,PS,LiTFSI,4346.1,180.7,449.4,37.8,184.4,1389.1,796,57.8,39.8,157,0.3,216.6667,1,23.19846208
acetone,PDMS,LiCF3SO3,19665.1,521.9,129.4,48.4,174.9,2043,617.7,54.5,1163.5,192.5,0.9,255.5556,0,213.6470103
acetone,PS,LiBF4,12292.6,1555.3,64.6,29.4,527.6,453.1,743.6,48.9,2015.1,141.6,0.9,372.2222,0,792.9442803
DMF,PEO,LiTFSI,10639.2,1810.4,144.4,47.9,249.1,2058.4,588,41.2,95.4,85,0.1,216.6667,1,202.6207424
ACN,PUR,LiClO6,19530.3,157.4,639.1,55.5,627.1,1382,316.3,52.4,1543.3,147.3,0.7,294.4444,0,231.9631986
DMF,PS,LiI,3545.9,597.5,390.9,40.2,368.6,1215.9,416.9,46.1,438.6,62,0.5,333.3333,0,874.3595007
chloroform,PVC,LiBF4,18657.5,1009.2,735.6,54.9,754.5,930.2,434.1,45.4,777.4,101.3,0,333.3333,0,509.8279019
ACN,PDMS,LiTFSI,18109.7,70.8,837.6,59.6,815.5,729.3,689.4,43.4,1080.1,82,0.4,255.5556,1,47.28650634
THF,PVC,LiI,2063.2,794.6,425.7,52.4,671.1,283.4,800.7,47.9,1845.7,118.9,0.4,294.4444,0,77.83628853
acetone,PP,LiClO6,7790.8,618.7,459.9,54.7,50,884.4,604.1,42.4,1062.6,96.7,0.2,450,0,305.8830611
propanol,PMMA,LiClO6,19107.6,1819.5,217.3,50.6,851.2,1066.2,346.8,43.9,426.4,92.1,0,255.5556,0,23.24795291
propanol,PEO,LiBF4,12386.6,1997,473.5,47.8,632.6,2739.3,433.6,41.3,584.7,69.7,0.3,450,1,356.2902175
propanol,PMMA,LiClO6,2160.3,1412.9,855.5,28.9,772.5,448.4,753.7,50.2,268.6,130.8,0.9,372.2222,1,112.0089939
DMF,PDMS,LiCF3SO3,6108.3,1524.6,198.3,44.2,55.1,278.1,592.4,54,500.1,195,0.5,294.4444,1,83.00651018
chloroform,PS,LiClO4,7605.8,1209.6,615.3,58.1,140.9,1569.7,470.3,55.6,2181.6,123.9,0.7,216.6667,0,1991.191881
DMSO,PP,LiTFSI,6999.7,59.1,736,46.2,37.4,336.6,892.7,51.8,1602.4,106.4,0.6,255.5556,0,46.16681143
DMF,PEO,LiI,17545.6,392.4,383.1,48.5,264.3,2503.5,583,58.4,867.9,34,0.3,138.8889,0,3099.909408
acetone,PDMS,LiClO6,13743.8,617,680.4,28.4,305.3,1701.3,530.3,50.3,468.7,30.2,0.6,450,0,309.4719755
THF,Nylon,LiI,2452.3,582.1,898.1,51.1,884.2,836.8,827.8,43.8,1716.5,66.4,0.2,411.1111,0,1094.018947
chloroform,PMMA,LiCF3SO3,11385,1024.5,238,30.2,237.2,2330.4,931.2,53.8,661.1,32,0.7,294.4444,1,438.7752027
DMSO,PP,LiI,17358.1,1253.6,257.5,43.7,733.2,1530,350.2,45.9,874.2,134.6,0.2,138.8889,0,1160.903698
DMSO,PMMA,LiTFSI,8912.4,211.9,51.4,38.2,597.1,1538.9,750.2,42.4,1433.8,170.6,0,100,0,520.4378741
acetone,PP,LiCF3SO3,4136.8,112.7,278.2,41.2,745.1,759.7,487.8,57.1,303.3,47.2,0.9,177.7778,0,143.2710891
ACN,PP,LiI,1261.3,505.6,202.5,38.1,100.8,2761.9,561.3,42.4,1229.2,188.4,0.1,138.8889,1,6278.438984
chloroform,Nylon,LiI,11825.6,561.9,770.6,57.1,484.2,1400.5,896.4,47.7,13.3,177.4,0.1,216.6667,1,5.526432315
DMSO,PEO,LiClO4,4220.3,420,229.9,53.3,639.4,2103,664.6,50.2,1862,169.1,1,255.5556,0,200.6769741
chloroform,PDMS,LiTFSI,4604.6,1783.3,834.7,46,266,1706.5,949.7,46.3,1631.6,149.7,0.5,177.7778,0,4362.778375
acetone,PUR,LiCF3SO3,9638.6,1157.7,872.9,25.9,232.8,1985.4,891.6,58.6,522.2,48.3,0.5,333.3333,0,2004.51951
acetone,PS,LiCF3SO3,1721.9,943.6,434,36.4,612.4,2999.7,445.5,48.1,358.4,159.8,0.9,255.5556,1,118.4715053
propanol,PP,LiBF4,12882.3,945.2,163.6,28.1,400.1,293.3,904.2,43.5,595.4,68.3,0.5,100,0,85.03578706
propanol,PUR,LiI,1337.3,314.3,623.2,58.4,26.7,2665.4,604,52.6,1888.9,168.6,0.1,333.3333,1,5578.5022
DMSO,PS,LiClO4,8149.3,1212.6,51.7,31.6,438,205,919.3,40.8,846,47.5,0.4,255.5556,0,21.68186006
THF,PEO,LiClO6,8723.9,345.5,723.2,47.9,925.8,196.3,903.3,43.2,2012.8,54.4,0.3,372.2222,0,278.8940022
ACN,PUR,LiI,17266.9,289.2,49.7,51.6,87.4,2062.1,613.4,42.2,1682.1,188.5,0.2,450,0,636.6933339
acetone,PS,LiTFSI,18246.5,626.3,597.9,39.4,135,644.8,415.6,47.4,554.7,182.5,0.4,138.8889,1,870.4093604
acetone,PEO,LiClO4,14057.9,535.1,363.9,58.6,721.2,1902.6,443.9,58.1,1986,31.7,0.9,333.3333,1,1855.375358
ACN,PS,LiClO4,6309.5,99.1,32.9,32.2,369,1439.3,728,43,1886.5,192.5,0.9,177.7778,1,2376.374835
ACN,PS,LiClO4,2569.4,691.7,762.2,29.2,840,2788.4,515.6,49.5,52.1,121.9,0.9,216.6667,0,5.00107462
DMF,PS,LiI,15980.4,716,859.9,54.1,487.8,1933.2,870.7,58.5,1429.3,181.5,1,177.7778,0,2937.820022
THF,PP,LiBF4,19439.8,1697,556.6,45.5,474.9,400.6,336.1,44.7,639.2,159.3,0.5,333.3333,0,284.2863492
propanol,PDMS,LiTFSI,15326.4,428.4,745.9,29.3,717.5,1451.4,563.8,58.3,889.7,185.1,0.3,255.5556,0,83.96999232
acetone,PUR,LiI,12881.2,873.1,522,57.9,116.8,2025.6,916.9,51.3,1312.8,105.7,0.6,333.3333,1,2697.08653
ACN,PP,LiCF3SO3,19752,122.4,627.6,30.3,786.4,1087.2,387.3,40,775.8,90.3,0.6,100,0,205.7428808
acetone,PP,LiClO4,5037.6,1306.5,615.9,28.1,418.4,2429.3,440,46.2,51.3,32.5,0.6,372.2222,1,9.170184119
acetone,PVC,LiBF4,14725,1366.3,33.7,57.6,647,1354.8,716.8,42.1,214.2,108.3,0.9,294.4444,0,22.50436482
chloroform,PMMA,LiTFSI,6658.5,861.3,151.5,34.2,513.8,248.8,321.9,56.3,1252.2,182.2,0.4,255.5556,1,27.91488403
ACN,PP,LiTFSI,2887,1879,274,49.8,828.9,162.1,760.8,53.2,1569.6,62.1,0.1,177.7778,0,328.4943728
DMSO,PVC,LiCF3SO3,13766.3,1172.3,739.1,40.8,357.4,1036.9,623.2,48.8,1321.8,123.7,0.9,216.6667,1,993.1215349
DMSO,PUR,LiClO4,1670.5,319,372.6,40.3,150.9,2139.7,624.3,42.3,858.3,185.3,0.1,450,0,783.6293232
THF,PVC,LiCF3SO3,9477.7,822,56.4,27.2,329.7,391.1,359.2,49.5,2223.7,169,0.3,100,0,186.4048172
THF,PUR,LiTFSI,17489.5,134.2,121.1,43.2,154.1,104.2,836.8,40,1534.9,72.3,0.5,216.6667,0,110.1310743
DMF,PP,LiCF3SO3,4644,374.5,848.1,48.8,233.1,1296.5,316.8,40.2,480.9,170.3,0.4,372.2222,1,1963.487859
propanol,PEO,LiI,7973.5,1449.4,446.1,57.1,262.1,2154.3,353.3,54.8,493.2,89.3,0,216.6667,1,1718.410012
ACN,PS,LiTFSI,1849.8,91.6,565.9,38.1,613.3,222.4,357.2,51.9,518.2,130.8,0,450,0,32.65709715
chloroform,PUR,LiBF4,13463.7,804.5,710,27.5,690.5,2209.1,307,55.5,2139.3,51.4,0.3,255.5556,1,208.1459076
chloroform,PMMA,LiClO4,3055.8,1739.6,530.9,25,943.7,524.7,937.7,54.2,2344.2,106.7,0.5,138.8889,1,975.0449152
THF,PDMS,LiClO6,2540.2,831.4,266.2,46.5,104,1959,497.6,52.1,357.7,58.2,0.1,450,1,659.9886678
acetone,PEO,LiClO4,10239,1350.1,160.7,51,809.4,2080.4,667.7,43.4,821.2,164.7,1,138.8889,0,1437.717241
DMSO,PP,LiClO6,5470,1294.2,358.5,58.1,556.9,2710.5,516.5,55.8,1495.3,144.6,0.8,411.1111,0,3433.111534
acetone,PP,LiCF3SO3,18128.7,1315.7,477.5,40.1,129.1,932.5,927.3,44.7,1670.5,149.7,0.4,177.7778,0,1856.742052
propanol,PEO,LiBF4,17420.1,920.3,864,58.7,274.1,1263.4,927.8,47.3,2151.8,40.1,0.2,177.7778,0,2388.61425
propanol,PDMS,LiClO6,6731.6,873.6,120.6,49,68.8,637,885.2,48.2,295.8,101.9,0.8,294.4444,0,142.7957957
THF,PS,LiI,19401.2,1319.2,630.6,40,715.7,1306.4,804.2,48,1030.6,128.4,0.9,372.2222,0,1431.857268
chloroform,Nylon,LiBF4,16864.9,339,181.2,50.1,279.3,1530.6,611.6,46.1,953.9,41.3,0.1,177.7778,1,2310.179982
ACN,PP,LiCF3SO3,15512.4,1071.9,368,56.1,66.5,100.6,339,49.8,2319.8,75.5,0.1,255.5556,1,17.46954182
propanol,PVC,LiCF3SO3,17335.2,832,258.4,33.3,761.8,1626.7,348.7,42.8,1183.6,135.2,0,372.2222,0,1815.303043
chloroform,PDMS,LiClO6,8765,324.6,263.9,52.3,516.9,2257,853.6,42.7,368,148.7,0.6,100,1,298.3761577
chloroform,PUR,LiClO4,17656.4,388.5,235.9,55.2,592.2,2344.7,785.5,43.9,2200.1,156,0,372.2222,0,3701.863487
ACN,PS,LiCF3SO3,7071.3,1951.7,471.7,57.5,445.8,2335,813.4,40.5,1440.9,183.9,0.1,294.4444,1,549.1767798
chloroform,Nylon,LiCF3SO3,6330,1247,826.5,48.5,349.5,449.7,747.1,48.6,2062.7,101.7,0.7,255.5556,0,61.65981671
THF,PMMA,LiBF4,5745.5,1876.8,684.4,42,154,1038.6,946.1,51.2,1961.7,159.8,0.2,372.2222,0,2733.275986
acetone,PVC,LiBF4,3288.1,1445.9,389,54.5,46.1,1844.7,847.9,41.7,27.2,111.4,0.8,333.3333,1,696.3860734
THF,PDMS,LiCF3SO3,16015.2,1287.5,596.8,54.4,440.1,858.5,897.1,56.2,2096.2,59.9,0.6,138.8889,0,1250.802745
THF,PDMS,LiClO4,15036.9,907.3,231.8,47.5,180.5,340.3,317.5,46,1280,48.4,0.5,333.3333,0,422.6493663
DMF,PUR,LiBF4,8189.8,1817.9,677.1,53.1,535,616.2,840.7,45.3,72.4,189,0.6,177.7778,0,6.057261648
propanol,PUR,LiBF4,10245.4,1049.7,888.2,52.5,204.9,2522.4,641.8,54.6,657.4,87,0.9,333.3333,0,2859.391727
DMSO,PS,LiI,3967.4,719.8,496.2,27.4,687,1440.8,798.5,54.9,511.2,55.6,0.4,411.1111,1,692.6836948
propanol,Nylon,LiClO4,4581.9,600.6,70,56.1,436.2,892.5,454.9,54.1,1391.2,69.1,0.1,216.6667,0,827.3541669
ACN,PUR,LiCF3SO3,8144,948.1,181.1,31.4,741.7,743.3,869.6,47.1,1198.7,63.1,0.4,333.3333,0,603.7055966
ACN,PEO,LiBF4,18904.5,1099,640.1,25.8,416.9,2313.9,481.9,56.2,713.6,105.1,1,450,1,451.6692752
propanol,PMMA,LiBF4,12944.2,1430.3,552,34.3,624.5,1343.3,698.7,45.7,613.4,132.7,0,255.5556,0,68.73391014
DMSO,PEO,LiClO4,19862.6,1069.6,188.6,39.1,784.5,2985.6,818.8,50.3,909.9,71,0.5,216.6667,0,1481.000055
THF,PS,LiTFSI,8899.7,1822.9,613.6,45.2,596.2,1503.6,797.2,50.6,61,195.2,1,372.2222,0,5.125202127
DMSO,PEO,LiClO6,18004.2,1442.1,33.6,49.2,691.7,2469,650.4,53.5,1906.9,109,0.5,372.2222,0,3718.376374
DMSO,PP,LiClO6,4178.6,1108.4,454.8,37.1,473.3,1624,515.5,49.7,472.2,38.6,0.3,216.6667,0,894.1976485
ACN,PUR,LiI,7502.2,720.4,6,58.2,404,2451.3,827.1,43.3,125.9,108.7,0.4,255.5556,1,19.44716609
propanol,PMMA,LiClO4,5095.2,1407.1,474.4,48.4,950.7,143.7,808.3,56.1,1308.9,157.1,0.7,411.1111,1,142.9848502
ACN,PDMS,LiCF3SO3,12930.7,61.7,729.8,35.4,718.8,2087.3,736.8,41.9,231.1,190.9,0.2,255.5556,0,16.01014966
ACN,Nylon,LiClO4,12490.4,1626.3,775.7,34.7,111.9,555,732.6,58,658.3,119.3,0.5,177.7778,0,1088.699747
ACN,PMMA,LiI,4938.9,398.2,742.3,53.1,357,993.6,527.2,52.1,1561.7,53.1,0.4,294.4444,0,231.6702225
chloroform,PMMA,LiBF4,6064.9,475.6,634,46.7,385.5,1208.9,326.6,40.1,295.9,168.2,0.2,216.6667,0,426.1873105
propanol,PVC,LiTFSI,12311.8,464,114.4,26.1,715.9,2112.4,760,56.1,658.4,136.7,0.4,100,1,374.074888
chloroform,PDMS,LiClO6,13209.5,1993.1,463.5,44.2,677.6,2657.2,713.3,56.9,1553,86.6,0.6,333.3333,0,2676.033684
acetone,PUR,LiBF4,15231.2,907.1,378.2,41.4,311.5,1697.3,636,55.8,2047.3,60.2,0.7,177.7778,1,3094.632084
THF,PEO,LiI,11231.6,539,501.1,28.3,760.3,768.1,575.1,53.4,965.9,87,0.1,255.5556,0,48.93551663
ACN,PMMA,LiBF4,12367.2,73.6,171.8,42.1,791.7,732.1,785.1,52.9,74.7,189.7,0.8,294.4444,0,4.927048303
DMSO,PS,LiClO6,18480.1,193,643.1,34.7,100.5,634.1,685.4,53.1,210.4,96.9,0.3,333.3333,0,543.5775507
chloroform,PS,LiI,6951.2,1612,711.7,25,122.9,1070.1,379.3,48.7,1406.5,72.2,0.2,333.3333,0,1703.788595
THF,PMMA,LiClO6,10964.5,893.2,847,26.2,379.7,2866.6,671.1,48.4,1504.9,150.3,0.8,450,1,814.7614341
propanol,PUR,LiTFSI,18396,1506,327,44,517.9,2630.7,803.7,52.3,529.7,37.6,0.2,333.3333,0,1435.411295
THF,PP,LiCF3SO3,9388.1,1678.7,581,50.6,492.2,264.5,306.4,41.1,480.1,124.4,1,333.3333,1,161.5167524
acetone,PDMS,LiI,12008.4,368.5,471,40,368.5,1198.6,872,40.6,1557.1,67.4,0.8,372.2222,1,2016.445766
acetone,PEO,LiBF4,17592.4,1992.9,592.1,49.6,96.7,230.4,328.3,57,2378.7,123.5,0.7,372.2222,0,508.8887855
chloroform,Nylon,LiTFSI,19958,1264.8,830.4,51.1,936.5,2504.2,958.5,49,338.3,177.6,0.8,177.7778,0,343.0039626
propanol,PP,LiClO6,19988.3,301.2,163.5,28.8,372.1,2727.5,835.7,55.7,970.9,85.8,0.5,100,1,944.9175298
DMF,PUR,LiClO4,11042.4,560.4,630.8,57.7,788.1,613.5,974.9,44.5,1151.5,43.6,0.3,255.5556,1,45.87602998
DMF,Nylon,LiI,14412,1554.1,527.5,41.8,577.2,2301.6,428.6,48.4,732.1,38.2,0.5,138.8889,1,1924.487269
chloroform,PMMA,LiClO6,19682.2,1890.8,653.4,50,213.8,1808,892.5,49,879.2,74.2,0.5,411.1111,0,2271.084599
ACN,PUR,LiBF4,8546.8,249.5,562.1,54,947.3,1047,609.6,49.7,493.8,163.3,0.5,294.4444,0,44.54773827
acetone,PDMS,LiClO4,1967,1245.5,220.4,40.4,640.6,2494.1,647.3,45.8,1047,138.3,0.2,138.8889,0,3761.879247
ACN,PUR,LiClO4,6382.5,1968.1,235.7,43.8,393.9,2105.5,571.4,51.1,1590.9,75.5,0.8,450,0,701.4556117
chloroform,PEO,LiClO6,9210.5,447.3,62.1,34.2,818,2416.6,576.1,43.2,1293.7,50.3,0.8,100,1,676.1504205
DMSO,PMMA,LiCF3SO3,15197.8,1971.8,477.8,45.6,774.6,2355.2,424.1,45.7,2189.6,164.3,0.4,411.1111,1,2724.558122
propanol,Nylon,LiClO4,1458.5,766.7,663.1,59.3,919.2,980.7,362.2,47.9,1393.2,194.6,0,294.4444,0,233.5025477
DMSO,PUR,LiTFSI,5519.5,687.6,455.2,31.6,125.3,1592.4,331.3,46.3,2249.5,57.6,1,138.8889,0,2895.625856
acetone,Nylon,LiTFSI,12502,1286.6,663.1,27,120.6,874.8,721.3,57.4,915.8,171.6,1,411.1111,0,1255.571978
THF,PEO,LiClO4,17095.3,1265.4,738.5,56.6,142.8,1864.8,659.8,41.1,614.7,106.4,0.1,216.6667,0,1812.42111
propanol,PUR,LiClO6,8140.1,1590.3,364,25.7,745.3,1601.2,993.3,48.8,507.8,142.1,0.4,372.2222,1,915.3944772
acetone,PEO,LiBF4,9704.8,686.1,536.3,31.8,171.7,2861.9,941.1,59.3,1832.5,190.3,0.3,333.3333,0,3836.525406
THF,PS,LiTFSI,19251.9,1361.2,516,32.1,877.9,843.5,588.5,47.8,2120.9,159.7,0.4,216.6667,1,678.2090764
THF,PS,LiTFSI,12041.5,782.3,161.5,27.1,564.3,1838.3,755.5,49.5,1795,30.2,0.7,372.2222,0,2890.831718
THF,PUR,LiTFSI,12253.9,677.9,766.7,48,250.2,783.9,469.2,57.8,327.4,122.4,0.8,177.7778,0,796.6927555
propanol,PUR,LiClO4,8387.2,1514.3,103.4,32.1,597.7,902.7,686.4,44.3,1561.2,116.2,1,177.7778,0,1442.411522
THF,PS,LiClO6,10646.2,1026.3,484.5,43.8,379.6,1582.2,527.2,57.8,1830.8,47.5,0.8,294.4444,0,352.475893
DMF,PS,LiI,2128.2,658.1,657.4,25.9,466.7,2882.2,983.7,47,2237.2,174.3,0.8,333.3333,1,4813.185933
ACN,PUR,LiCF3SO3,16570,1517.2,242.7,36.4,62,940.1,585.2,41.5,886.9,90.3,0.4,450,0,311.3548789
propanol,PVC,LiCF3SO3,13021.5,1298.8,159.5,44.2,158.9,2739.1,522,50.2,1105.4,198.1,0.3,333.3333,0,3476.511902
DMF,PMMA,LiCF3SO3,2304.7,1522.4,867.7,44.4,295.3,2242.3,816.5,50.3,2072.7,52.3,0.1,450,0,1213.125624
acetone,PS,LiI,14480.7,52.8,433.6,37.1,781.5,2886.9,597.1,56.9,1737.2,105.7,0.3,100,0,938.8513768
acetone,PEO,LiClO4,3661.9,1406.5,241,59.9,761.4,1873.8,322.6,56.9,1372.1,166.5,0.3,411.1111,0,2205.287322
THF,PP,LiCF3SO3,12657.1,1886.6,488.5,43.9,13,550.6,433.8,50.9,1014.9,147.8,0,294.4444,1,157.8452544
THF,PUR,LiClO6,9945.4,793.7,51.8,28.2,835.1,2707.6,332.5,48.4,679.8,188.6,0.5,216.6667,0,952.8417963
chloroform,PVC,LiBF4,3456.9,878.8,590.2,43.5,277.5,1891.4,510.1,40.2,1392.2,86.4,0.7,411.1111,1,3076.471407
ACN,PEO,LiClO4,1640.9,1771.8,251,56.3,608.8,964.2,428.1,58.4,1897.9,184.2,0.3,450,0,492.9340821
ACN,PEO,LiBF4,18128,1380.2,243.6,42.7,16.8,2486.3,970.5,47.9,2277.3,191.5,0.7,216.6667,0,2964.263487
THF,PS,LiClO4,19028.3,1960.3,374.4,26.2,295.3,1480.1,394.7,49.4,649.2,66,0.4,138.8889,1,1699.877823
propanol,PUR,LiTFSI,7278.1,1204.7,76.6,45.8,896.3,696.8,427.8,51.9,1625.7,159.5,0.7,411.1111,1,678.6396617
DMSO,PVC,LiCF3SO3,19064.3,265.9,325.7,60,19.8,1688.7,597.3,59.6,1020.4,100.2,0.8,100,0,845.2029931
THF,PS,LiClO6,19038.4,480.4,532.5,47.8,579.8,1889.2,718.6,56,25.6,113.7,0.6,333.3333,1,7.456950172
acetone,PMMA,LiI,5699.7,1143.4,569.6,59.4,954.3,1806.1,963,58.8,336.1,133.9,0.1,100,0,71.56699047
ACN,PVC,LiClO4,1819.7,1545,544.2,27,840.4,160.6,368,45.1,2353.4,103.6,0.1,216.6667,1,264.6463772
DMSO,PDMS,LiClO6,10122,1436.5,681.6,25,106.8,1765.3,404.3,45.3,999.1,190.7,0.1,450,0,605.6606996
THF,PP,LiCF3SO3,17062.2,523.9,182.7,37,873.3,2954.9,532.5,58.6,1712.7,150.9,0.4,138.8889,0,2978.125402
ACN,PP,LiI,10161.2,1872.8,829.1,56.8,66.2,1869.9,675.2,53,168.1,58.1,0.1,100,0,782.6941145
ACN,PP,LiTFSI,11290.8,523.7,761.1,33,495.3,1449.5,401.8,44.8,339.3,64.1,0.7,372.2222,0,745.5682494
DMF,PMMA,LiI,19411,77.3,137.9,30.8,173.6,1396.5,311.9,51.8,371.3,171,1,100,1,443.6280848
acetone,PS,LiBF4,15562.5,1309.8,647.4,49.1,983.9,2831.3,854.2,55,948.2,183.9,0.2,138.8889,0,1812.028261
ACN,PS,LiCF3SO3,19071.3,468.9,445.6,37.2,46.5,2864.1,757.1,47.2,529.8,71.8,0,100,1,1356.22971
ACN,PMMA,LiClO4,3088.7,716.3,401.3,36.8,548.9,1256.4,522.1,51.6,148.2,59.6,0.6,294.4444,1,17.36586104
chloroform,PVC,LiTFSI,5947.1,1324.6,184.8,37.8,36.9,2637.3,560.8,54.2,1951.8,136.8,0.6,411.1111,0,4601.603854
DMF,PS,LiClO6,4420.3,1419.6,87.8,31.9,240.8,498.6,381.8,52,882.7,145.4,0.2,255.5556,1,63.90194614
acetone,PEO,LiBF4,4240.5,1523.6,750.1,41,802.1,966,777.7,50.4,1696.8,83.6,0.7,138.8889,1,1466.227619
DMF,PMMA,LiClO6,11835.9,1018.1,839.3,55.1,190.3,2149.1,682.5,53.1,1709.6,185.1,0.9,255.5556,0,257.1826611
chloroform,PVC,LiBF4,13600,506.2,878,37.7,177.1,2571.5,337.4,58.2,486,100.5,1,450,0,620.8513205
DMF,PP,LiClO6,7194.7,403.6,595.1,41.1,463.5,2713.5,867.5,51.8,986.3,189.9,0.9,138.8889,1,3078.205319
propanol,Nylon,LiBF4,14957.3,621.2,2.1,40.7,720.8,2004.6,666,51.6,502.6,106.2,0.2,216.6667,0,553.6112776
DMSO,PEO,LiTFSI,13578.2,1237.8,689.2,36.1,933.3,2349.1,920,56.4,1441.8,66.3,0.5,333.3333,1,1842.979889
chloroform,PP,LiBF4,8068,481.5,540.4,55.8,442.4,2195.5,695.3,51.7,2245.9,116.6,0.4,450,0,640.99889
acetone,PDMS,LiI,18289.7,65,396.3,26,565,472.2,987.3,56.2,143.1,161,0.7,333.3333,0,17.32146654
acetone,PVC,LiCF3SO3,6545.8,1431.2,310,52,860.2,2141,345.6,50.5,374,198.4,0.5,255.5556,1,37.80790599
DMSO,Nylon,LiTFSI,15094.3,837.7,114.7,45.2,567.6,481.7,835.7,40,158.9,191.1,0.8,333.3333,1,27.72262908
ACN,Nylon,LiBF4,3644.9,1186.5,345.2,29.5,686.4,2562.9,617.7,44.5,607.2,136.1,0.4,138.8889,1,1876.602415
chloroform,PEO,LiTFSI,19174.4,1835.4,729.9,25.7,836.6,1295.9,874.1,41.8,608.3,31.4,0.1,411.1111,1,530.7476635
chloroform,PDMS,LiI,15318,293.5,449.1,30.6,31.3,2757,950,48.5,2167.3,126.2,0.9,138.8889,0,4572.910094
ACN,PS,LiClO6,7596.6,711.3,836,57,892.1,1890.9,868.6,45.4,1762,136.4,1,138.8889,1,2181.20707
chloroform,PS,LiI,8809.6,111.1,172.1,33.2,822.4,1153.3,375.2,51,1685.4,182.7,0.9,411.1111,0,1041.288723
chloroform,PMMA,LiBF4,3222.8,362.9,865.3,51.6,50.8,1206,688.9,53,1498.8,44.3,0.4,177.7778,0,3040.585916
acetone,PVC,LiI,13723.5,659.7,280.6,34.4,909,165.7,768,59.9,1257.3,99.3,1,450,1,36.16921223
DMSO,PP,LiI,6583.9,487.1,264.9,50.8,684.6,1528.4,721.1,55.9,1555.4,97.1,0.4,450,0,350.0911193
THF,PUR,LiCF3SO3,6716.9,1078.5,878.4,48.3,206.1,2840.3,954.7,56.7,2232.2,100.4,0.9,294.4444,0,787.8165602
DMSO,PDMS,LiClO4,1037.6,753.5,792.3,42.6,850.4,2525.5,571.8,49.4,2242,199.5,0.2,333.3333,1,5333.367306
propanol,PS,LiBF4,7047.9,829.5,142.8,39.6,93.1,2100.4,924.3,47.8,1031,125.4,0.5,216.6667,0,2405.56458
THF,PDMS,LiI,2466.5,1375.5,731,49.9,43.9,248.4,423.5,55.1,947.2,118.6,0.2,255.5556,1,55.20260879
ACN,PEO,LiCF3SO3,8511.3,860.6,100.8,33.5,975.4,696.8,813.8,59.5,1559.1,91.2,0.7,100,0,209.1341128
DMSO,PP,LiI,9443.1,549.2,283.7,50.7,883.2,2898.9,731.1,40.5,1977.8,71.1,0.2,177.7778,1,3943.009063
propanol,PMMA,LiCF3SO3,3137.7,844.4,494.4,58,710.7,711.1,649.4,50.3,708.8,104.9,0.8,216.6667,1,410.6652928
THF,PDMS,LiBF4,5705.1,1602.5,585.6,34.1,305.8,2707.7,347.7,46,1154.4,162.2,0.5,138.8889,1,4572.069609
chloroform,PP,LiCF3SO3,13229.5,635.1,833.4,47.4,566.4,2263.4,847.8,43.5,363.2,112.1,1,372.2222,0,1049.463229
DMSO,PUR,LiTFSI,16547.4,983,263.7,47.7,169.8,1643,679.2,40.3,436.2,126,0.2,138.8889,1,1930.193043
ACN,PUR,LiClO6,5295.7,631.6,492.1,37.9,316.2,2257.1,557.1,46.7,595.6,105.4,0.9,177.7778,1,3117.04057
ACN,PEO,LiI,8846.2,415.6,127.7,44.8,673.3,2124.1,926.6,55.1,1788.5,77,0.1,372.2222,1,3088.922863
chloroform,PUR,LiClO4,6191,1131.1,725.3,53.3,369.1,1643.1,392.9,47.5,1602.5,138.6,0.1,333.3333,0,2201.996261
propanol,PUR,LiI,13611.7,1091.6,493.6,39,453.7,999.4,344.9,49.2,2232.1,86.5,0.3,255.5556,1,110.0093669
ACN,PEO,LiClO4,15243.2,1247.8,696,44.1,737.5,1304.6,970.7,58.5,2234.7,177.9,0.7,294.4444,1,259.6145762
ACN,PS,LiI,14326.9,1123.8,30.4,56,14.3,120.1,458.8,47.7,1340.2,148.7,0.8,138.8889,1,213.9523578
chloroform,PDMS,LiBF4,15382,1802.6,75.5,28.4,539.5,2015,679.3,59.4,1188,198.4,1,411.1111,1,2051.592298
propanol,PDMS,LiCF3SO3,15601.9,1449.6,780,43,982.7,1359.3,334.4,59,1627,156.9,0.8,294.4444,1,208.3787142
acetone,PVC,LiBF4,16266.9,713.9,306.6,49.3,778,1005.2,517.6,57.5,437,168.3,0.7,100,1,96.19816574
ACN,PS,LiClO4,8808.2,1886.1,530.3,27.7,293.2,144.7,552.9,53.4,1882,192.8,0.7,216.6667,1,180.1876949
acetone,PMMA,LiCF3SO3,6813.5,339.1,663.5,42.6,760,1082.9,429.4,59.2,775.5,48.3,0.8,255.5556,0,57.21477744
chloroform,PVC,LiI,17675.9,960.4,64.4,40.4,740.9,424,640.7,51.8,2147.3,65.5,0.2,138.8889,0,516.5494174
chloroform,PMMA,LiBF4,1774.1,704,631.8,44.3,980.7,933.5,693.9,53.8,596,164.5,0.8,216.6667,1,344.011052
chloroform,PMMA,LiI,12085.2,501.3,314.6,53.2,740.3,673.9,961.3,56,102.2,180.1,0.8,216.6667,1,9.561927144
DMSO,PS,LiCF3SO3,19348.4,212.6,556.5,59.3,809.2,2020.1,795.4,54,962.7,41,0.6,177.7778,1,1775.616943
acetone,PEO,LiClO4,19895,1021.4,861,52.7,155.1,2690.2,533.4,54.4,1925.1,169.3,1,372.2222,1,5394.97849
acetone,PMMA,LiBF4,15002.1,1897.4,828.1,57.7,838.1,713.5,825.5,55,2365.5,101,0.1,411.1111,1,840.0385602
DMSO,PMMA,LiClO4,19994.5,698.9,732.7,36.4,971.8,564.3,629.3,54.6,366,41,0.4,294.4444,1,16.74289644
THF,PDMS,LiTFSI,2709.3,748.5,369.9,25.9,343.8,2138.7,673.9,48.6,692.2,140.4,0.2,333.3333,1,2384.154664
DMF,PP,LiClO4,5712.7,741.3,668.3,34,138.8,309.4,988.1,50.4,928.5,72.9,0.3,100,0,165.8870966
ACN,PMMA,LiCF3SO3,3092,1537.5,481.9,56.8,485.8,889.3,777.6,48.8,464.3,119.1,0.8,177.7778,0,998.9651718
DMF,PMMA,LiCF3SO3,9010,761.7,728.2,25.8,999.8,240.9,832.7,41.6,1275.7,187.9,0.9,216.6667,1,149.1602933
chloroform,PUR,LiI,17735.6,1381.6,452.3,42.1,398.6,181,784.1,49.4,232.3,139.6,0.8,138.8889,1,66.12591116
DMSO,PUR,LiClO4,16608.6,1994.9,101.6,46.5,539.8,2311.4,939.9,41.6,601.6,161.2,0.9,333.3333,1,1407.52826
DMSO,PDMS,LiBF4,6555.9,1958,99,35.2,734.2,735.9,876,59.3,543,194.7,0.9,294.4444,1,69.88236836
ACN,PP,LiBF4,1765,244.5,677.9,26.4,936.3,997.3,498.9,51.6,1014.3,77.7,0.3,255.5556,1,72.32555466
THF,PUR,LiI,11703.4,733.6,255.9,34.2,835.4,208.2,905.3,50.7,213.5,79.6,0.6,138.8889,1,15.31606861
propanol,PMMA,LiI,16925.7,945.5,600.4,39.2,641.4,2156.1,962.6,47.9,805.9,99.7,0.4,294.4444,1,259.1889075
chloroform,PS,LiBF4,19012.5,1832.9,196,41.6,42.6,2585.8,666.8,48.8,1911.7,91,1,411.1111,1,3986.121536
THF,PUR,LiTFSI,16917,998.7,479.3,40,97,1640.5,499.6,45.4,144,151.2,0.4,216.6667,1,1004.393705
DMSO,PEO,LiTFSI,12746.2,1439.5,39.9,38.3,246.7,2207.1,530.6,52.7,1806.2,146,0.3,216.6667,0,2373.61466
ACN,PS,LiBF4,5466.5,870.1,572,32.4,813.8,865,496.8,50.9,2350.9,137.9,0.9,294.4444,1,190.0302672
DMSO,PVC,LiClO4,12170.6,262.5,817.1,51.8,552.6,926.5,327.6,52,2250.4,91.8,0.6,138.8889,1,1262.667618
THF,PS,LiClO6,2986.6,1394.8,448.4,37.9,259.1,2663.8,819.5,40.9,1333,130.2,0.4,177.7778,1,6836.32883
DMF,PDMS,LiClO6,4565.6,1012.9,163.9,32.3,657.7,2632,810.5,57.2,329.7,122.3,1,372.2222,0,900.1233047
THF,PS,LiBF4,6522.4,226.3,880.1,31.1,67,199.3,961.6,58.3,581.5,79,0.3,255.5556,1,29.80837725
propanol,PEO,LiBF4,5581.4,966.5,829.8,48.5,976,2061.4,303.1,45.1,2287.6,180.6,0.2,294.4444,1,420.4104019
DMSO,PEO,LiCF3SO3,19424.4,273.7,700.5,25.2,804.3,1319.1,523.9,49.3,2390.7,150,0.1,372.2222,1,1969.739557
THF,PDMS,LiTFSI,13558.8,457.4,378.6,28.9,444.5,1093.8,654.7,50.5,1347.1,177,0.8,411.1111,0,1187.292517
ACN,Nylon,LiCF3SO3,1126.8,1970.6,479.7,48.5,276.1,862.1,492.3,46.9,456.4,145.7,0.9,255.5556,1,180.7210901
DMF,Nylon,LiClO4,15185.2,1798.8,630.8,58,934.8,884.6,445,40.1,328.9,179.4,0.7,411.1111,0,89.14819064
ACN,Nylon,LiCF3SO3,8152.8,1527.8,236.3,43.8,162.5,1641.7,321.9,42.8,1621.6,79.4,0.4,294.4444,0,434.3567907
ACN,PEO,LiTFSI,3922,914.3,757.9,33.5,557.8,392.1,731.9,56.2,1940.2,175.9,0.9,255.5556,1,57.26386406
chloroform,PS,LiClO6,10580,338.5,154.8,40.8,666.9,2019.5,382.1,57,2226.6,44.1,0.2,294.4444,0,378.0661053
DMF,Nylon,LiClO4,10831.6,1401.4,46,32.1,58.9,1658.9,896.8,51.6,2298.7,137.3,0.2,333.3333,0,2420.70541
THF,PEO,LiTFSI,19884.4,1150,411.1,30.1,54.2,2496.2,301.6,51.7,1430.8,91.5,0.2,294.4444,0,621.4490202
propanol,PDMS,LiTFSI,15543.5,1821.1,176.3,41.2,942.6,1017.5,697.9,51.8,1546.3,65.4,0.5,100,0,312.3481204
ACN,PS,LiClO4,8928.2,1173.2,42.8,37.5,849.6,801.1,621,50,1534.1,188,0.3,411.1111,1,750.2495121
propanol,PUR,LiBF4,2673.7,411.2,366.1,29,813.9,2664.1,432.2,40.4,1208.9,140.7,0.8,411.1111,0,2448.697193
DMF,PDMS,LiClO6,18444.8,1805.5,167.4,39.1,974.7,738.4,639.4,53.7,592.9,75,0.3,450,0,55.03513453
ACN,PDMS,LiCF3SO3,4714.7,1032,98.2,41.8,457.5,1441.9,902.3,50.3,1546.3,191,0.6,450,1,428.2227618
propanol,PDMS,LiClO6,3837.5,636.8,310.6,29.9,948.1,1835.7,811.6,41.5,1114.9,151.2,0.4,138.8889,1,1563.1111
acetone,PDMS,LiClO6,15543.4,1826.3,879.8,56.5,787.5,223.2,427.7,40.8,1711.3,53.6,0.3,294.4444,0,44.19282582
chloroform,PP,LiTFSI,14141.5,1126.1,290,40.9,844.3,1173.4,621.1,58.7,608.5,81.3,0.6,411.1111,0,461.9349107
DMSO,PUR,LiI,9334.4,855.4,95.3,26.2,718.9,1111.8,800.1,54.9,1374,81.7,0.5,100,1,364.7245322
acetone,PUR,LiClO4,14403.2,1399.8,205.9,37.8,997.3,469,366,56.2,1984.7,195.4,1,138.8889,0,512.0919628
propanol,PEO,LiCF3SO3,12350.3,1981.6,396.9,50.1,992.8,2495.4,919.4,45.2,949.5,71.2,0.5,294.4444,1,256.3203602
acetone,PS,LiBF4,2227,69.3,720.8,28.7,426.5,2452.7,415.2,42.8,366,42.4,0.1,100,0,492.0194767
DMF,PEO,LiBF4,4396.7,933.8,151.2,41.2,234,106.5,837,52,2282.5,100.1,0.5,372.2222,0,243.3854405
DMSO,PUR,LiBF4,4695.9,384,527.5,35.1,843.9,1418.5,793.8,55.7,1264.2,171.9,0.9,294.4444,0,208.6890907
acetone,PP,LiBF4,16130.2,82.4,495.1,50.9,29,2164.8,559.1,40.7,1962.1,51.1,0.7,216.6667,0,2427.584959
ACN,PP,LiTFSI,15511.8,1714.1,628.2,48.9,272.5,1604.8,786.4,41.8,2363.3,132.6,0.9,255.5556,1,197.5682791
propanol,PMMA,LiClO6,14958.1,1364.2,622.2,48.4,594,2786.2,461.8,44.4,1756.6,78.9,0.9,100,0,1108.050414
THF,Nylon,LiClO6,16885.2,1273.2,609.9,53.7,499.7,2326.7,596.5,43.5,1008.9,56.1,0.1,333.3333,0,2070.297123
THF,PVC,LiClO6,13639.7,624.3,484.2,55.1,169.6,836.7,700.8,50,100.8,190.3,0.6,138.8889,0,274.5156591
DMSO,PEO,LiBF4,16456.8,1570.7,129,43,782.5,1157.4,571.5,49.6,412.1,152.9,0.8,100,1,101.9255159
propanol,PVC,LiClO4,15572.2,1387.3,2.7,42.5,695.1,1799.8,317.7,59.3,541.2,72.3,0,255.5556,1,67.30483199
DMSO,PMMA,LiCF3SO3,1935.8,360.5,522,49.6,693,1952.6,403.9,59.8,2334.3,50.7,0.1,450,0,649.228442
acetone,PVC,LiI,3756.3,715.8,105.3,50.9,826.7,2960.5,857.7,58.9,1458.2,59.5,0.6,138.8889,1,3292.603697
chloroform,PUR,LiCF3SO3,8509,97.6,447.9,51.9,176.6,1978.4,427.2,48.2,451.7,112.8,0.3,138.8889,0,2277.803941
ACN,PP,LiI,17495.9,1135.8,741.1,57.9,321.6,968.9,699.8,41.7,1169.2,47,0.6,177.7778,0,1591.557983
chloroform,PP,LiClO4,6122.8,938.4,225.7,26.1,107,1305,624.3,51.7,194.4,198.6,0,255.5556,0,107.5053563
acetone,PUR,LiI,9642.5,1817.7,281.7,40,246.4,1963.2,539.4,54.4,280.4,54.1,0.6,255.5556,1,120.7237509
acetone,Nylon,LiCF3SO3,1817.5,1185.6,453.8,38,481.9,2796.5,407.4,45.3,2347.3,185.1,0.5,372.2222,1,8436.85644
ACN,PS,LiClO4,14450.5,639.7,600.7,59.5,593.4,2500.1,929.5,52.4,2158.5,131,1,177.7778,1,4024.212493
DMSO,PUR,LiClO6,9303.4,1632.9,163.1,29.2,717,537,972.3,49.7,564.3,85.6,0,255.5556,1,25.94656368
DMF,PDMS,LiBF4,13254.2,1186.6,706.1,42.1,899.9,788.9,519.9,51.6,580.4,181.9,0.9,294.4444,1,53.53644849
acetone,PP,LiI,16961.5,1098.3,571.1,28.5,995.2,2036.8,801.5,40.8,1152.6,93.2,0.7,100,0,467.8544649
ACN,PP,LiI,9229.1,968.4,673.7,50.4,955.1,1255.6,876.7,49.5,2067,152.6,0.3,216.6667,1,1021.608433
propanol,Nylon,LiClO6,8948.6,787.8,320,37.5,656.1,1594.1,776.1,43.8,433.8,74.9,0.4,294.4444,1,99.98757376
ACN,PP,LiBF4,19170.6,575.9,545,46.7,728.4,2890.2,767.2,45.3,1599.7,65.3,0.4,100,0,957.2631829
propanol,PUR,LiCF3SO3,6238.6,1636.3,187.9,32.6,284.3,2220.9,407.4,44,152,120.4,0.7,372.2222,0,884.5570557
chloroform,PVC,LiBF4,14089.9,402.1,578.7,33.4,744.1,1990.2,776.3,45,278.3,131.2,0.4,294.4444,1,41.36542932
acetone,PDMS,LiClO4,3588.6,349.7,757.1,35.1,975.6,1890.5,964.4,43.9,1980.2,199.2,0.8,294.4444,1,359.3363442
chloroform,PUR,LiClO4,13126.6,201,361.7,59.5,27.6,1692.4,631.2,44.8,1461.3,53.9,0.7,138.8889,0,2782.482435
THF,PMMA,LiBF4,15666.3,1960.8,28.6,60,466.4,2282.9,402.4,55.3,1216.9,160.2,0.7,100,1,872.7711932
DMF,PDMS,LiClO4,11948.6,1677.6,858.4,54.8,290.8,2570.8,433.9,52.3,2083.1,109.2,0.9,333.3333,1,3540.385667
ACN,Nylon,LiTFSI,1609,1887.3,828.8,30.5,95.9,2065.4,833.1,52.8,1162.3,179.8,0.6,411.1111,1,7011.181504
propanol,PEO,LiI,6155.6,1432.4,833.3,33.5,224.8,2494.7,783.4,41.4,158.8,153.9,0.9,411.1111,1,1166.359634
chloroform,PDMS,LiTFSI,3744.2,332.5,733.8,36.1,605.6,1454.2,659.3,45.4,928.8,159.6,0.4,450,0,303.5230074
THF,PP,LiTFSI,12751.7,1974.1,356.4,51.5,124.2,691,580.1,53.7,187,37.5,0.4,177.7778,1,827.8317587
ACN,PEO,LiClO4,13479.8,1419.7,804.4,56.9,419.1,2453.6,929.5,40.7,1237.3,77.3,0.7,138.8889,1,3259.266079
THF,PDMS,LiCF3SO3,13906.2,1217.4,487.1,28.9,687.1,2207.8,580.5,48,746.5,91.6,0.1,411.1111,1,1402.068715
DMSO,PUR,LiBF4,10997.4,609.4,524.5,36.6,664.3,1705.3,496.8,58.6,1636.8,65.9,0.9,100,0,618.4226657
DMF,Nylon,LiTFSI,6782.6,1424.1,458.3,40.5,666.1,698,841.8,53.9,2274.4,146.9,0.7,411.1111,1,946.0179314
THF,PP,LiClO4,7683.8,1614.1,731.6,25.1,98.8,2411.6,876.7,50.1,1734.7,106.8,0.5,333.3333,0,3869.708642
acetone,PVC,LiI,10840.8,1032.2,458.3,45.6,920.8,2784.3,869.1,47.4,20.4,147.5,0.2,177.7778,0,4.851769941
propanol,PVC,LiI,8455.2,1705.7,100.2,40.2,723.4,2064.7,677.4,55.6,2260.2,167,0.9,255.5556,1,218.0802552
chloroform,Nylon,LiClO4,19831,208.4,887.1,30.1,972.9,1361.7,802.7,55.3,668.6,85.5,0.3,255.5556,1,44.65293749
DMSO,PP,LiBF4,7899.1,266.7,104,48.6,941.9,767.1,445,43.5,411.2,111,0.9,138.8889,0,135.629237
ACN,PDMS,LiClO6,3606.2,372.7,588.7,37.4,614.5,986.4,845.8,43.7,1503.6,143,0.2,177.7778,1,1592.783889
propanol,PP,LiBF4,19182.4,575.5,696.6,29.3,690.6,2469.9,958.6,40,1989.7,94.9,0.6,333.3333,1,2446.178657
DMF,PVC,LiClO6,14247.2,1874.4,562.9,40.8,212.7,1853,972.4,41.5,621.1,103.9,0.2,411.1111,0,2183.803454
DMSO,PDMS,LiCF3SO3,7382.3,494.4,86.5,50.2,363.9,486.4,414.3,58.5,783.3,194.9,0.5,255.5556,0,42.63037311
DMSO,PMMA,LiClO4,19164.9,362.5,788.9,31.1,297.1,1328.5,658.5,40,250.9,144.2,0.1,255.5556,1,54.44655731
propanol,PUR,LiBF4,5151.9,1482.9,271.1,38.4,220.1,2130.8,640.3,58.6,1973.5,155.6,0.8,450,1,811.6715359
acetone,PP,LiCF3SO3,19572.5,518.8,389.7,42,294,148.9,752.3,52.6,1819.8,68.8,0.6,411.1111,1,195.736827
ACN,PVC,LiCF3SO3,2594.4,1835.3,236.9,27,674.9,2013.3,356,48.3,1861.5,69.7,0.7,100,0,1236.484494
DMF,PP,LiI,18862,1529.5,875.5,32.9,64.6,2170.6,383.4,57.7,1709.8,173.7,0.1,333.3333,0,3087.307381
THF,PDMS,LiClO4,14673.2,1273.9,95.6,47,613.5,408.6,344.7,47.6,381.9,73,0.1,333.3333,1,123.0887285
propanol,PS,LiI,18969.4,1564.6,20.2,52.3,895,557.1,368.7,45,1711,109.3,0.3,177.7778,0,706.4574778
THF,PVC,LiClO4,18450.6,751.9,808.2,49.2,677.3,1440.9,572.4,56.3,809.3,165.2,0.1,294.4444,0,165.1096601
acetone,PUR,LiCF3SO3,1335.9,199.4,67,57.8,411,1451,615.9,59.1,47.9,35.4,0.6,255.5556,0,4.964064586
THF,PDMS,LiI,5687.5,1837.6,438.1,27.9,695.6,1084.3,344,57.6,448.1,100,0.1,177.7778,0,628.8694027
chloroform,PDMS,LiBF4,4386.1,198,133.3,48.7,722.1,2403.2,854.9,42,2252.3,143.7,0.9,333.3333,1,2469.07111
DMF,PUR,LiClO6,3397.1,1115.5,619.5,39.2,129.9,849.2,585,57,1116.7,183.1,0.1,294.4444,1,271.8106186
propanol,PMMA,LiI,12714.3,1373.9,61.3,50.9,854.8,555.5,819.2,42.4,1583.7,163.2,0.9,333.3333,1,484.2309085
acetone,PUR,LiTFSI,19109.1,839.8,343.3,50.6,928,2010.1,318.6,54.8,1182.9,107,0,411.1111,1,1387.202034
propanol,PVC,LiBF4,10913.4,812.2,306.8,57.8,797.3,1368.2,686.5,40.9,2323.1,195,0.4,138.8889,0,1721.639556
chloroform,PUR,LiBF4,4261.2,558.4,301.7,55.1,357.7,1897.1,540,43.1,379.7,75,0.4,255.5556,0,106.2725873
DMF,PMMA,LiClO4,1996.3,1459.2,519.3,42.4,545,1712,440.5,54.5,1999.2,140.6,0.7,294.4444,1,612.244609
DMSO,PP,LiI,7606.9,784.5,367.4,59.3,498.5,624.8,403.1,50,192.3,80.8,1,294.4444,1,21.04754898
ACN,Nylon,LiTFSI,6439.1,334.8,413.7,45.8,841.4,2547.5,545.6,58.3,1931.7,108.1,0.3,138.8889,1,2937.342135
ACN,PP,LiClO4,19517.3,1223.8,519,41.1,100.4,2495.9,470.9,47.5,747.4,104.8,0.1,216.6667,1,2614.716134
acetone,Nylon,LiTFSI,11935.4,1262.5,744,50,161.5,383.8,471.6,49,2161.8,108.7,1,255.5556,0,52.17903905
THF,Nylon,LiTFSI,8856.3,1580,430.7,32.9,164.3,2894.8,990.6,44.5,2177.4,76.1,0.7,100,1,1622.408648
DMSO,PUR,LiClO4,5829.1,930.5,140.8,28.9,205.4,2896.6,743.2,57.3,755.1,127.2,0.1,255.5556,0,304.0417666
DMSO,PS,LiCF3SO3,15540.6,1412.9,100.4,55.1,637.7,234.4,506.6,45.7,112.8,111.4,0.9,216.6667,1,9.391115017
propanol,PUR,LiTFSI,16441.1,274,658.9,48.9,624.8,1138.2,335.3,56.8,1471.9,73.9,0.9,411.1111,0,1116.672523
chloroform,PEO,LiClO6,2890.1,69.5,357,51.3,303.9,2826.9,825.9,45.3,1419.8,56.7,0.5,216.6667,0,2831.719596
chloroform,PS,LiClO6,6072.1,379.2,785.6,28.2,382.7,1506.3,325.6,43.5,2175.1,115.5,0.3,216.6667,1,1630.392601
propanol,PDMS,LiCF3SO3,8382.3,669.9,71.4,37.1,653.1,296.7,795.5,44,795.3,159,0.7,450,0,50.07733319
propanol,PUR,LiClO6,4196.1,1627.3,214.5,25.8,277.6,1586.7,695.4,54.6,1133.3,138.6,0.8,450,0,566.8076343
DMSO,PEO,LiClO6,3776.6,1803,344.7,52.3,482.3,1895.1,323.9,46.3,1808,110.4,0.1,177.7778,0,4419.765407
ACN,PVC,LiI,1448,1332.5,540.5,39,621.1,816.5,348.3,45,2160.3,76.4,0.7,372.2222,0,2720.792288
DMSO,PDMS,LiCF3SO3,5893.3,525.3,851.3,36.7,209.6,1985.4,947.6,48.6,2270,81.7,0.1,177.7778,0,4283.108748
DMSO,PMMA,LiClO6,9873.6,1789.7,715.4,53.9,650.1,2179.8,929.8,50.7,1155.5,86.1,0.4,333.3333,1,2036.956094
acetone,PS,LiI,16760.5,446.3,557.6,32,922,795.5,539.3,48.1,1821.5,77,0.2,372.2222,1,1014.613367
propanol,PEO,LiClO6,5504.5,1415.1,179.4,30.1,931.8,2936.9,510.2,50.7,228.4,186.5,0.9,372.2222,1,136.0037199
DMSO,PEO,LiClO4,16108.5,1480.1,833.5,48.4,246.1,471.2,761.2,46.1,1905.2,167,0.4,138.8889,0,761.6485925
acetone,Nylon,LiClO6,2329.2,1119.4,66.4,37.3,904.8,1984.5,752.8,48.1,936.3,180.7,0.9,411.1111,0,1621.157076
DMF,Nylon,LiClO6,6011.1,811,145.8,58,594,2680.2,627.9,56.4,263.4,36.9,0.4,333.3333,0,433.0291433
propanol,Nylon,LiTFSI,15831.8,1979.2,597.2,57.9,411.9,1076.5,550.1,42.5,596.9,131.9,0.5,100,1,314.734649
chloroform,PP,LiClO6,8825.1,1368,220.7,37.1,94.2,1965.2,584,43.5,2017.7,38,0.6,100,0,1092.917858
propanol,PUR,LiI,6658.4,817.7,292.3,33.4,946,2925,715,50.6,614.5,94.8,0.7,372.2222,0,1456.694172
ACN,PS,LiClO4,17209.8,1632.6,42.6,49.7,615.3,815,849.5,45.6,515.3,190,0.8,450,1,94.66008129
ACN,PEO,LiI,16265.9,544.4,743.9,30.3,189.8,802.6,428.9,50.7,2120.4,72,0.7,138.8889,1,1272.926002
THF,PP,LiClO6,12075.4,1019.4,251.2,26.2,348.8,246.7,564.7,41.9,68.1,191.6,0.7,333.3333,1,9.868621889
acetone,PP,LiI,6098.8,1012.9,864.5,30.7,711.7,2917.3,650.7,45.1,1004.7,82.6,0.5,100,0,912.2452288
DMSO,PMMA,LiClO4,7279.4,1513.8,611.1,26.6,501.6,1986.5,355.1,47,307.3,196.3,0.7,372.2222,1,996.5366892
acetone,PS,LiClO6,9532.5,1880.8,266.9,26.7,990.9,2273.4,359,48.8,2322.1,146.2,0.1,294.4444,0,436.8021788
acetone,PS,LiCF3SO3,19168.8,1051.9,181.9,59.7,478,1654.6,641.9,52.6,1192.8,121.1,0.5,372.2222,1,2359.902313
ACN,PVC,LiI,4127.3,1094.8,588.3,30.5,479.7,1675.1,635.6,47.3,726.9,64.6,0.6,450,1,386.2357962
chloroform,PUR,LiClO6,6565.4,273.6,390,43.3,210.1,781.6,356.4,45.4,1535.5,62.3,0.1,255.5556,1,90.94533042
chloroform,PUR,LiClO6,12665.7,345.7,649.6,45.8,792.2,2560.8,560.5,47.3,1398.2,105,0.4,450,0,496.4027365
propanol,PUR,LiClO4,15932.6,249.9,169,38,406,1100.7,312.6,53.8,2090.8,118.9,0.4,216.6667,0,1029.027272
DMF,Nylon,LiBF4,8643.5,647,841.3,27.6,298.4,2226.8,585.5,57.4,2276.4,42.2,0.2,294.4444,0,542.4318315
THF,PS,LiCF3SO3,9854.8,1621.4,1.2,47.1,189.6,747,367.2,45.2,1283.5,86.4,0.5,138.8889,0,1214.674163
ACN,PP,LiBF4,15400.7,855.4,299,52.1,623.7,1887.2,612.1,53.1,1955.2,53.3,0.5,216.6667,0,1625.982899
DMSO,PVC,LiClO6,18192.6,1222.7,224.4,34,85.7,1916.1,606.8,55.7,163.9,193.7,0.7,100,0,609.159741
acetone,PP,LiClO6,10264.8,71.7,559.7,27.2,258.6,1785.9,320.5,43.7,1490.6,56.5,1,372.2222,1,3159.791107
THF,PMMA,LiTFSI,19920.2,1238.2,723.2,32.6,537.3,562.5,372.2,56.2,1497.3,77,0.9,177.7778,0,846.0304126
acetone,PDMS,LiI,7391.4,1062,385.6,46.5,489.7,1863.5,560.4,55.6,275.8,94.3,0.3,255.5556,1,49.12975009
DMSO,PUR,LiI,18971.5,187.5,482.4,25.3,718.9,2128.4,711,54.2,1571.7,191,0.3,216.6667,0,1535.566899
THF,Nylon,LiBF4,16908.4,695.6,365.3,51,730.7,2784.2,541.7,44.8,1104.7,173,0.3,333.3333,1,2011.757896
propanol,PVC,LiClO6,8103.1,1087.1,27.6,38.2,97.6,607.4,855.5,59.5,2087.2,43.1,0.1,294.4444,0,162.4116603
THF,PEO,LiBF4,13467.2,1471.2,219.4,59,800.4,855.8,473.5,48.8,2184,171.3,0.8,100,0,333.5158143
acetone,Nylon,LiClO6,7744.6,184.3,291.6,26,750.3,1358.3,790.5,46.9,1089.1,57.9,0.1,333.3333,1,953.6301016
DMSO,PVC,LiI,11032.2,222.4,820.7,41.4,954.4,2470.1,345.2,54.5,408.2,163.5,0.4,450,0,86.45610821
propanol,PDMS,LiBF4,5297.7,591.1,550.6,34.1,924.2,707.7,900,58.9,1531.3,167.6,0.1,411.1111,1,663.7712215
THF,PEO,LiClO4,16236.4,506.8,875.9,42.4,360.7,257.9,307.9,46.6,2036.8,42.6,0.4,294.4444,0,60.45320022
acetone,PDMS,LiI,11021.2,214.4,156.9,35.4,170.6,259,562.5,53.8,309.7,190.7,0,100,1,80.9558797
acetone,Nylon,LiTFSI,18932.5,1042.2,249.9,35.8,41.8,2070,542.5,54.1,240.9,153,0.4,411.1111,1,2646.4512
acetone,PS,LiClO6,4501.9,440.5,727.4,28.4,725.8,892.7,322.5,58.4,338.6,129.9,0.9,450,1,48.23421009
acetone,PP,LiTFSI,4451.1,304.3,89.2,28.6,585.1,1643.6,710.2,51.3,464.5,170.2,0.1,177.7778,1,997.5832161
acetone,PVC,LiI,9071.1,1694.8,801.2,47.5,433.3,1359.7,455.5,44.1,168,36.3,0.9,333.3333,1,179.2926796
DMF,PEO,LiI,2216.9,991.9,819.8,58.9,776,1797.8,420.8,40.2,308.7,147.6,0.2,138.8889,1,415.3253367
DMF,Nylon,LiTFSI,7128.6,651.3,602.1,53.6,734,2093.9,942,56.9,2138.9,69.9,0.2,294.4444,0,416.3186651
ACN,PEO,LiClO6,17955.2,1505.2,227,31.6,979.3,2718.4,748.1,52.8,2061.6,166.9,0.7,177.7778,0,3632.609921
DMF,PDMS,LiTFSI,10766,330.7,57.2,29.3,823.7,805.9,963.9,55.6,2181.5,131.3,0.7,294.4444,0,141.5025951
chloroform,PVC,LiCF3SO3,6237.6,1068.9,332.4,41,154.1,1611.1,570.2,49,1982.5,70.2,0.5,372.2222,0,3621.030819
propanol,PDMS,LiCF3SO3,15674.2,1117.9,87,41.6,190.5,1114.5,723.9,48.6,2055.9,168,0.2,100,1,545.322725
DMSO,PS,LiTFSI,13881.9,491.6,272.9,29.3,659.8,1167.6,820.9,41.2,1785.5,121.7,0.4,138.8889,0,1372.677272
DMF,PMMA,LiClO4,5858.9,592,151,33.7,366.2,1439.1,856.6,49.3,220.2,109.5,0.1,294.4444,1,78.61350321
acetone,PMMA,LiClO4,7632.2,1019.1,879.6,32.1,761.4,2442.1,908.3,53.3,1381.5,140.1,0.9,100,0,856.3633377
DMSO,PMMA,LiCF3SO3,5030.9,672.9,251.8,40.7,709.6,2184.2,645.6,50.1,2163.9,163,0.4,177.7778,1,3629.819505
ACN,PP,LiClO4,14348,1765,61.3,44.2,736.8,552.1,809.9,46.2,1759.7,79.8,0.7,255.5556,0,51.66690141
DMF,PEO,LiCF3SO3,18494.9,980.6,158.8,50.8,181.6,2763.9,984,45.4,436.6,110.2,0.2,411.1111,0,2756.369136
DMF,PUR,LiBF4,4528.6,1462.2,808.1,32.8,967.4,1698.1,538.6,58.2,892.7,44.2,0.9,333.3333,0,1115.506142
ACN,PEO,LiClO6,17942.6,1563.5,116.5,37.9,218.2,2744.1,702.5,51.9,195.1,89.2,0.7,100,0,488.444732
propanol,PVC,LiBF4,14489.1,1736.4,894.7,34,956.9,1983,860.3,47.6,1259.6,183.1,1,294.4444,0,264.1185368
DMF,Nylon,LiTFSI,3990.9,1924.6,565.9,25.8,699.5,948.2,775.1,49.7,1598.4,173,0.2,100,0,486.9606811
DMSO,PEO,LiClO6,2036.2,410.6,151.3,32.1,521.9,1861.6,825.8,52.7,945.7,109.8,0,138.8889,0,2184.391485
DMF,PDMS,LiBF4,17520,960.4,665.7,55,393.5,534.2,314.8,50.5,1180,171,0.8,450,0,136.7906056
DMF,PDMS,LiTFSI,6011.8,446.2,132,46.9,618.5,1381.3,603.7,57.9,885.4,161.6,0.7,372.2222,0,1503.521432
propanol,PS,LiClO4,10200.5,1669,179.9,28.1,33.3,158.8,476.9,52.4,1024.3,56,0.2,255.5556,1,26.6681279
propanol,PDMS,LiTFSI,12592,1260.3,376.5,47.8,613,1041.5,639.1,46.6,585.7,125.4,0.6,100,1,210.4430644
DMSO,Nylon,LiClO4,19307.1,595.7,326,31.1,714,2262.4,823.3,52.4,160,39.1,0.6,333.3333,0,41.12730336
propanol,Nylon,LiI,12234,1823.9,329.7,56.4,385.6,2883.2,850,49.7,2323.6,128.6,0.3,177.7778,0,5613.45479
acetone,Nylon,LiClO4,2416.8,1294.3,191.7,32,746,817,338.4,54.4,327.1,80,0.9,294.4444,1,39.83458442
chloroform,PVC,LiClO4,16201.3,1650.8,705.3,38.9,893,577.4,978,43.9,2324.6,143.3,0.1,333.3333,0,594.5384229
DMSO,PVC,LiClO4,13679.1,1603.8,630.8,31.1,840.6,1692.4,807.3,43.3,1078.7,88.3,0.1,333.3333,0,1186.684877
acetone,PDMS,LiTFSI,13247.6,209.7,774.2,51.4,504.6,239,413.5,58.6,745.5,133.7,0.9,411.1111,1,191.5564157
DMSO,PP,LiClO4,14398.4,598.1,862.2,38.4,735.6,132.1,892.1,45.8,104.3,87.1,0.9,100,1,9.628354912
THF,PP,LiCF3SO3,17077.1,477.4,536.1,41.8,497.9,1909.5,707.5,59.7,512.9,127.9,0.9,216.6667,1,849.0362189
DMSO,PP,LiCF3SO3,17035.1,1370.7,734.8,47.9,828.3,549.2,450,56.7,854.8,111.1,0.2,372.2222,1,470.2391085
acetone,PEO,LiBF4,2191.3,282.8,799.4,51.9,805.2,2682.2,898,40.3,783.1,161.8,0.4,372.2222,1,2731.266974
acetone,PEO,LiTFSI,18066.8,1560.2,585.3,56.8,592.2,1096,973.5,54.1,710.3,92.7,0.4,100,0,266.6140179
propanol,PMMA,LiClO6,7869.5,977.3,492.6,27.7,510.6,1402.9,619.7,44.8,156.1,194.6,0.1,450,0,24.84451295
DMF,PMMA,LiClO4,16095.6,690.9,465.3,53.1,258.1,973.8,840.3,48.2,1552.1,74.3,0.8,138.8889,0,1422.300704
propanol,PEO,LiClO6,11532.1,1561.1,775.7,57.8,699.5,864.8,431.2,55.3,1178.8,153.4,0.9,138.8889,0,920.48769
ACN,PDMS,LiI,14224.5,773.5,872,32.4,440.1,1407.5,658.7,48.5,944.1,154.4,0.5,255.5556,1,119.0002079
THF,PVC,LiCF3SO3,3826.3,1647.2,703,43.3,881.5,1047.7,614.5,59.6,918.8,32.9,0.3,450,0,205.5720345
chloroform,PUR,LiTFSI,2299.4,1883.3,659,48.8,902.4,1176.1,405.6,45.4,1078.3,137.6,0.2,216.6667,0,1155.631422
ACN,PP,LiI,4720.6,957.9,266,52.2,14.7,1778.7,355.1,43.2,2185.4,67.3,0.9,255.5556,0,259.0593497
THF,PUR,LiTFSI,14956,1362.6,255.7,34.9,234.7,2372.7,735.9,46.8,1298.7,116,0.9,100,1,1089.070298
acetone,PUR,LiCF3SO3,9406.6,1969.5,194.1,56.5,609.5,1950.1,562.7,52.7,95.2,62.9,0.9,333.3333,1,13.85442732
DMSO,PDMS,LiI,17755.7,144.8,66.9,35.8,363.3,1280.5,340.2,56.1,728.6,35.8,0,177.7778,1,1547.76562
acetone,PUR,LiI,6180.1,308.6,481.9,46.4,570.8,118.2,970.8,41.1,536.4,101.5,0.1,100,0,27.54542104
DMF,PS,LiClO4,3653.8,1914.7,286.9,27.7,455.5,2839.5,557.6,46.9,1212.2,31.9,0.4,333.3333,1,4088.110027
DMSO,PVC,LiClO4,2356.6,1771.6,297.7,57.9,938.9,553.9,773.3,55.4,74.7,187.4,0.9,177.7778,1,12.10328782
ACN,PDMS,LiClO6,14410.9,1977.5,218.5,34.5,936.4,2624.4,378,54.2,897.2,101.8,1,411.1111,1,1520.327488
ACN,PUR,LiI,10231.4,1575.5,830.4,41.5,578,2739.2,912.9,45.9,1266.6,76,1,216.6667,1,2344.356293
acetone,PVC,LiClO6,1009.3,1300.1,59.7,53.3,105.8,2704.4,866.6,56.2,1611.1,58.6,0,177.7778,1,11607.08076
THF,PMMA,LiClO6,2189.3,945.8,608.4,56.2,492.6,1698.8,679.8,52.1,404.8,183.1,0.2,372.2222,1,1669.693103
ACN,PS,LiCF3SO3,19331.6,634.5,268.1,47.2,145.4,792.9,337.2,55.9,2162.7,198.9,0.4,255.5556,0,94.28619544
propanol,PP,LiClO6,4848.6,1093.5,662.4,47.1,388.7,621.8,917.4,40.5,1840.1,137.3,0.7,294.4444,0,165.5088725
acetone,PVC,LiClO6,2340.5,795.2,555.5,29.1,415.4,1866.4,581.6,57.1,528,139.3,0.9,450,0,417.0995615
propanol,PVC,LiI,13243.7,925.4,515.9,44.9,22.5,869.3,567.7,52.3,456.6,109.4,0.4,411.1111,1,1303.762597
propanol,PDMS,LiCF3SO3,10478.3,227.3,602.3,50.9,730.2,1331.1,447.3,52.6,1207.2,175.2,0.5,372.2222,0,1556.043822
ACN,PMMA,LiClO6,18048.7,1994.2,725.3,42.5,321.9,2283.7,471.3,42,823.9,181.2,0.8,372.2222,0,3533.055109
THF,PS,LiI,6578.2,906.8,449.3,28.2,937.3,2360.4,697.9,43.9,1704.7,104.9,0.8,294.4444,1,396.4722774
THF,PS,LiClO4,10731.3,1491.7,270.9,54.7,937.1,490.6,425.9,59.2,1633.4,139.1,0,294.4444,0,81.75542717
propanol,PUR,LiBF4,1799.8,190,518.7,53.9,512.9,2421.9,832.7,42.8,1452,180.6,0.5,450,0,725.3278663
propanol,PMMA,LiClO4,4272.3,110.9,618.5,36.8,332.6,321,503,53.1,1332.8,102.7,0.2,372.2222,1,576.1932061
DMSO,PEO,LiClO4,17793.3,210.7,507.7,48.8,528.3,2361.9,579.1,52.3,632,163.5,0,333.3333,0,1401.674855
DMSO,PS,LiTFSI,6992.7,1450.5,221.6,35.4,335.2,1880.3,301.3,57.5,665,136.3,0.2,372.2222,0,2803.414707
DMF,PEO,LiI,11421.4,803.8,153.2,52.9,738.2,1121.6,648.8,40.9,2306.8,131.2,0.8,411.1111,1,1261.848662
DMF,Nylon,LiClO6,14556.7,614.5,285.4,59.3,439.2,1776.9,746.3,47.8,1895.5,59.9,0.9,294.4444,1,364.6142884
DMF,PUR,LiI,9200.7,915.9,448.7,58.8,750.6,327.7,755.2,59.7,397.7,107.6,0.6,255.5556,1,13.87462998
DMSO,Nylon,LiClO4,11695.4,990.8,558.4,30.4,934.7,2576.5,421,54.6,822.4,160.7,0.7,372.2222,0,1860.62379
chloroform,PEO,LiClO4,10221.5,1536,366.8,29.3,977.8,670.6,421.9,47.4,1849.8,183.2,0.3,450,1,153.6779622
THF,PS,LiClO6,4774.2,1436.6,241.9,34,647.3,2050.8,519.2,40,983.4,157.7,0.6,100,1,710.7839432
THF,PDMS,LiClO6,5818.4,633.4,336.1,34.5,357.9,1250.4,688.5,55.8,561.2,122.9,1,216.6667,0,846.7501602
acetone,PEO,LiBF4,16696.6,1754.9,165.2,36,30.4,463.1,343.6,47.8,2333,186,0.3,333.3333,1,676.8534487
chloroform,PS,LiI,14803.6,1967.2,526.4,30.1,875.7,108.2,991.3,53.7,2355.4,125.3,0.1,255.5556,0,14.57188855
DMF,PMMA,LiI,8545.1,493.3,316.9,55.4,262.6,2942,302.1,57.5,1654.2,79.4,0.2,216.6667,1,3016.090891
ACN,Nylon,LiClO4,19902.1,1593.6,810.3,43.7,833.2,807.5,606.4,50.5,992.5,77.4,0.1,411.1111,1,557.7901305
DMSO,PDMS,LiTFSI,17019.2,1099.4,598.2,27.3,179.7,2413.1,976.2,52.2,438.7,93.8,0.8,255.5556,1,210.3678232
THF,PEO,LiClO6,2939.6,839.8,456.1,46.3,987.6,2580.3,314.6,45.5,2041.7,97.3,0.8,255.5556,0,262.9620824
ACN,PVC,LiCF3SO3,12169.9,1498.9,105,39.8,850.8,2767.5,704.4,47.9,229.2,62.9,0.5,294.4444,1,25.57997434
THF,PVC,LiI,15753,1242.4,590.2,30.1,571.6,2925.3,652.9,43,1732,63.4,0.2,450,0,743.4652791
ACN,PVC,LiCF3SO3,2458.9,1920.8,807.9,37,177,2581.7,931.1,50.8,1213.7,162.2,0,372.2222,1,9119.513123
DMF,PS,LiCF3SO3,15370,1663.5,497.1,28.7,83.5,1517.9,623.1,53.9,882.6,76.7,0.7,255.5556,1,187.8949716
DMSO,PVC,LiCF3SO3,7437.9,1600.5,112.9,45.5,128.3,1519.9,365,51.1,2346.6,154,0.8,100,0,876.813761
DMSO,Nylon,LiBF4,13220.2,453.2,397.3,50.2,524,2091.4,952.2,57.8,1762.4,168.8,0.7,138.8889,0,2655.656059
propanol,Nylon,LiI,7293.9,694.8,449.8,43.5,684.2,2290.1,419.7,51.3,1378.8,182.7,0.2,255.5556,0,188.4817218
THF,PDMS,LiClO4,8823.7,1182.3,121.7,47.1,143,2065.7,723.7,55.9,2355.8,33.9,0.3,177.7778,1,4373.005484
ACN,PMMA,LiClO6,11977.8,268.3,128.3,32.2,264.5,591.7,708.1,40.8,1437.4,117.7,0.6,255.5556,1,65.77934281
DMF,PDMS,LiBF4,15527,603.6,805.9,32.6,661,107.1,316.5,51.8,703,162,0.2,177.7778,1,94.51188572
acetone,PS,LiTFSI,6176.2,986.9,398.9,53.6,827.8,490.3,326.1,41.3,1077.3,180.7,0.6,138.8889,1,450.4440552
propanol,PEO,LiClO6,3552.5,709,154.2,28.7,403.6,2246.1,690.5,40.6,1017.7,112,0.6,372.2222,1,3734.417039
acetone,Nylon,LiClO4,9235.5,413.8,759.3,42.5,518.9,2316.1,949.4,55.5,297.5,99.8,0.5,450,0,147.7166379
THF,PUR,LiBF4,4959.3,272.3,558.7,55.2,331.9,2945.9,825.4,46.2,1913.9,37.7,0.6,255.5556,0,331.0051898
acetone,Nylon,LiClO6,1120.6,1997.9,842,52.6,348.1,2480.4,734.1,51.8,1480.2,185,1,100,1,3293.799219
ACN,PDMS,LiClO6,17819,53.6,339.4,42.1,610.6,822.6,504.9,54.8,1150,136.6,0.1,100,0,248.158268
propanol,PDMS,LiCF3SO3,7843.8,259,833.8,43.8,851.9,2956.3,611,48.8,2149.6,67.6,0.9,294.4444,1,539.7458416